/*
 Navicat Premium Data Transfer

 Source Server         : LilyConnection
 Source Server Type    : MySQL
 Source Server Version : 50623
 Source Host           : localhost
 Source Database       : jpetstorebi

 Target Server Type    : MySQL
 Target Server Version : 50623
 File Encoding         : utf-8

 Date: 05/29/2015 08:57:51 AM
*/

SET NAMES utf8;
SET FOREIGN_KEY_CHECKS = 0;

-- ----------------------------
--  Table structure for `account`
-- ----------------------------
DROP TABLE IF EXISTS `account`;
CREATE TABLE `account` (
  `userid` varchar(80) NOT NULL,
  `email` varchar(80) NOT NULL,
  `firstname` varchar(80) NOT NULL,
  `lastname` varchar(80) NOT NULL,
  `status` varchar(2) DEFAULT NULL,
  `addr1` varchar(80) NOT NULL,
  `addr2` varchar(40) DEFAULT NULL,
  `city` varchar(80) NOT NULL,
  `state` varchar(80) NOT NULL,
  `zip` varchar(20) NOT NULL,
  `country` varchar(20) NOT NULL,
  `phone` varchar(80) NOT NULL,
  PRIMARY KEY (`userid`)
) ENGINE=InnoDB DEFAULT CHARSET=latin1;

-- ----------------------------
--  Records of `account`
-- ----------------------------
BEGIN;
INSERT INTO `account` VALUES ('ACID', 'acid@yourdomain.com', 'ABC', 'XYX', 'OK', '901 San Antonio Road', 'MS UCUP02-206', 'Palo Alto', 'CA', '94303', 'USA', '555-555-5555'), ('j2ee', 'yourname@yourdomain.com', 'ABC', 'XYX', 'OK', '901 San Antonio Road', 'MS UCUP02-206', 'Palo Alto', 'CA', '94303', 'USA', '555-555-5555');
COMMIT;

-- ----------------------------
--  Table structure for `bannerdata`
-- ----------------------------
DROP TABLE IF EXISTS `bannerdata`;
CREATE TABLE `bannerdata` (
  `favcategory` varchar(80) NOT NULL,
  `bannername` varchar(255) DEFAULT NULL,
  PRIMARY KEY (`favcategory`)
) ENGINE=InnoDB DEFAULT CHARSET=latin1;

-- ----------------------------
--  Records of `bannerdata`
-- ----------------------------
BEGIN;
INSERT INTO `bannerdata` VALUES ('BIRDS', '<image src=\"../images/banner_birds.gif\">'), ('CATS', '<image src=\"../images/banner_cats.gif\">'), ('DOGS', '<image src=\"../images/banner_dogs.gif\">'), ('FISH', '<image src=\"../images/banner_fish.gif\">'), ('PETPRODUCT', '<image src=\"../images/banner_birds.gif\">'), ('REPTILES', '<image src=\"../images/banner_reptiles.gif\">');
COMMIT;

-- ----------------------------
--  Table structure for `category`
-- ----------------------------
DROP TABLE IF EXISTS `category`;
CREATE TABLE `category` (
  `catid` varchar(10) NOT NULL,
  `name` varchar(80) DEFAULT NULL,
  `descn` varchar(255) DEFAULT NULL,
  PRIMARY KEY (`catid`)
) ENGINE=InnoDB DEFAULT CHARSET=latin1;

-- ----------------------------
--  Records of `category`
-- ----------------------------
BEGIN;
INSERT INTO `category` VALUES ('BIRDS', 'Birds', '<image src=\"../images/birds_icon.gif\"><font size=\"5\" color=\"blue\"> Birds</font>'), ('CATS', 'Cats', '<image src=\"../images/cats_icon.gif\"><font size=\"5\" color=\"blue\"> Cats</font>'), ('DOGS', 'Dogs', '<image src=\"../images/dogs_icon.gif\"><font size=\"5\" color=\"blue\"> Dogs</font>'), ('FISH', 'Fish', '<image src=\"../images/fish_icon.gif\"><font size=\"5\" color=\"blue\"> Fish</font>'), ('PETPRODUCT', 'Pet products', '<image src=\"../images/fish_icon.gif\"><font size=\"5\" color=\"blue\"> Fish</font>'), ('REPTILES', 'Reptiles', '<image src=\"../images/reptiles_icon.gif\"><font size=\"5\" color=\"blue\"> Reptiles</font>');
COMMIT;

-- ----------------------------
--  Table structure for `inventory`
-- ----------------------------
DROP TABLE IF EXISTS `inventory`;
CREATE TABLE `inventory` (
  `itemid` varchar(10) NOT NULL,
  `qty` int(11) NOT NULL,
  PRIMARY KEY (`itemid`)
) ENGINE=InnoDB DEFAULT CHARSET=latin1;

-- ----------------------------
--  Records of `inventory`
-- ----------------------------
BEGIN;
INSERT INTO `inventory` VALUES ('EST-01', '9999'), ('EST-02', '9999'), ('EST-03', '10000'), ('EST-04', '9993'), ('EST-05', '10000'), ('EST-06', '9999'), ('EST-07', '10000'), ('EST-08', '9998'), ('EST-09', '10000'), ('EST-10', '10000'), ('EST-11', '10000'), ('EST-12', '10000'), ('EST-13', '10000'), ('EST-14', '10000'), ('EST-15', '9999'), ('EST-16', '9999'), ('EST-17', '10000'), ('EST-18', '9824'), ('EST-19', '10000'), ('EST-20', '9995'), ('EST-21', '10000'), ('EST-22', '10000'), ('EST-23', '10000'), ('EST-24', '10000'), ('EST-25', '10000'), ('EST-26', '10000'), ('EST-27', '10000'), ('EST-28', '10000'), ('EST-29', '1000'), ('EST-30', '997'), ('EST-31', '1000'), ('EST-32', '997'), ('EST-33', '1000'), ('EST-34', '1000'), ('EST-35', '998'), ('EST-36', '1000'), ('EST-37', '1000'), ('EST-38', '1000'), ('EST-39', '999'), ('EST-40', '1000'), ('EST-41', '1000'), ('EST-42', '1000'), ('EST-43', '1000'), ('EST-44', '997'), ('EST-45', '1000'), ('EST-46', '1000'), ('EST-47', '996'), ('EST-48', '1000');
COMMIT;

-- ----------------------------
--  Table structure for `item`
-- ----------------------------
DROP TABLE IF EXISTS `item`;
CREATE TABLE `item` (
  `itemid` varchar(10) NOT NULL,
  `productid` varchar(10) NOT NULL,
  `listprice` decimal(10,2) DEFAULT NULL,
  `unitcost` decimal(10,2) DEFAULT NULL,
  `supplier` int(11) DEFAULT NULL,
  `status` varchar(2) DEFAULT NULL,
  `attr1` varchar(80) DEFAULT NULL,
  `attr2` varchar(80) DEFAULT NULL,
  `attr3` varchar(80) DEFAULT NULL,
  `attr4` varchar(80) DEFAULT NULL,
  `attr5` varchar(80) DEFAULT NULL,
  PRIMARY KEY (`itemid`),
  KEY `fk_item_2` (`supplier`),
  KEY `itemProd` (`productid`),
  CONSTRAINT `fk_item_1` FOREIGN KEY (`productid`) REFERENCES `product` (`productid`),
  CONSTRAINT `fk_item_2` FOREIGN KEY (`supplier`) REFERENCES `supplier` (`suppid`)
) ENGINE=InnoDB DEFAULT CHARSET=latin1;

-- ----------------------------
--  Records of `item`
-- ----------------------------
BEGIN;
INSERT INTO `item` VALUES ('EST-01', 'FI-SW-01', '16.50', '10.00', '1', 'P', 'Large', null, null, null, null), ('EST-02', 'FI-SW-01', '16.50', '10.00', '1', 'P', 'Small', null, null, null, null), ('EST-03', 'FI-SW-02', '18.50', '12.00', '1', 'P', 'Toothless', null, null, null, null), ('EST-04', 'FI-FW-01', '18.50', '12.00', '1', 'P', 'Spotted', null, null, null, null), ('EST-05', 'FI-FW-01', '18.50', '12.00', '1', 'P', 'Spotless', null, null, null, null), ('EST-06', 'K9-BD-01', '18.50', '12.00', '1', 'P', 'Male Adult', null, null, null, null), ('EST-07', 'K9-BD-01', '18.50', '12.00', '1', 'P', 'Female Puppy', null, null, null, null), ('EST-08', 'K9-PO-02', '18.50', '12.00', '1', 'P', 'Male Puppy', null, null, null, null), ('EST-09', 'K9-DL-01', '18.50', '12.00', '1', 'P', 'Spotless Male Puppy', null, null, null, null), ('EST-10', 'K9-DL-01', '18.50', '12.00', '1', 'P', 'Spotted Adult Female', null, null, null, null), ('EST-11', 'RP-SN-01', '18.50', '12.00', '1', 'P', 'Venomless', null, null, null, null), ('EST-12', 'RP-SN-01', '18.50', '12.00', '1', 'P', 'Rattleless', null, null, null, null), ('EST-13', 'RP-LI-02', '18.50', '12.00', '1', 'P', 'Green Adult', null, null, null, null), ('EST-14', 'FL-DSH-01', '58.50', '12.00', '1', 'P', 'Tailless', null, null, null, null), ('EST-15', 'FL-DSH-01', '23.50', '12.00', '1', 'P', 'With tail', null, null, null, null), ('EST-16', 'FL-DLH-02', '93.50', '12.00', '1', 'P', 'Adult Female', null, null, null, null), ('EST-17', 'FL-DLH-02', '93.50', '12.00', '1', 'P', 'Adult Male', null, null, null, null), ('EST-18', 'AV-CB-01', '193.50', '92.00', '1', 'P', 'Adult Male', null, null, null, null), ('EST-19', 'AV-SB-02', '15.50', '2.00', '1', 'P', 'Adult Male', null, null, null, null), ('EST-20', 'FI-FW-02', '5.50', '2.00', '1', 'P', 'Adult Male', null, null, null, null), ('EST-21', 'FI-FW-02', '5.29', '1.00', '1', 'P', 'Adult Female', null, null, null, null), ('EST-22', 'K9-RT-02', '135.50', '100.00', '1', 'P', 'Adult Male', null, null, null, null), ('EST-23', 'K9-RT-02', '145.49', '100.00', '1', 'P', 'Adult Female', null, null, null, null), ('EST-24', 'K9-RT-02', '255.50', '92.00', '1', 'P', 'Adult Male', null, null, null, null), ('EST-25', 'K9-RT-02', '325.29', '90.00', '1', 'P', 'Adult Female', null, null, null, null), ('EST-26', 'K9-CW-01', '125.50', '92.00', '1', 'P', 'Adult Male', null, null, null, null), ('EST-27', 'K9-CW-01', '155.29', '90.00', '1', 'P', 'Adult Female', null, null, null, null), ('EST-28', 'K9-RT-01', '155.29', '90.00', '1', 'P', 'Adult Female', null, null, null, null), ('EST-29', 'PP-BC-01', '12.80', '8.00', '1', 'p', 'Circular birdcage (green)', null, null, null, null), ('EST-30', 'PP-BC-01', '12.80', '8.00', '1', 'p', 'Circular birdcage (red)', null, null, null, null), ('EST-31', 'PP-BF-01', '1.25', '1.45', '1', 'P', 'Birds food (small Pack)', null, null, null, null), ('EST-32', 'PP-BF-01', '2.50', '1.45', '1', 'P', 'Birds food (Large Pack)', null, null, null, null), ('EST-33', 'PP-CF-01', '3.25', '4.00', '1', 'P', 'Cats food (small Pack)', null, null, null, null), ('EST-34', 'PP-CF-01', '6.50', '4.00', '1', 'P', 'Cats food (Large Pack)', null, null, null, null), ('EST-35', 'PP-CL-01', '3.50', '2.00', '1', 'P', 'Cats litter (small Pack)', null, null, null, null), ('EST-36', 'PP-CL-01', '7.00', '2.00', '1', 'P', 'Cats litter (Large Pack)', null, null, null, null), ('EST-37', 'PP-DC-01', '12.50', '8.00', '1', 'P', 'Dogs collar ((small)', null, null, null, null), ('EST-38', 'PP-DC-01', '15.50', '8.00', '1', 'P', 'Dogs collar ((Large)', null, null, null, null), ('EST-39', 'PP-DF-01', '10.50', '10.00', '1', 'P', 'Dogs food (small Pack)', null, null, null, null), ('EST-40', 'PP-DF-01', '21.00', '10.00', '1', 'P', 'Dogs food (Large Pack)', null, null, null, null), ('EST-41', 'PP-FB-01', '4.50', '2.00', '1', 'P', 'Fish bowl (square)', null, null, null, null), ('EST-42', 'PP-FB-01', '4.50', '2.00', '1', 'P', 'Fish bowl (circular)', null, null, null, null), ('EST-43', 'PP-FF-01', '1.50', '0.50', '1', 'P', 'Fish food  (small Pack)', null, null, null, null), ('EST-44', 'PP-FF-01', '3.00', '0.50', '1', 'P', 'Fish food  (Large Pack)', null, null, null, null), ('EST-45', 'PP-RF-01', '4.00', '2.00', '1', 'P', 'Reptiles food  (small Pack)', null, null, null, null), ('EST-46', 'PP-RF-01', '8.00', '2.00', '1', 'P', 'Reptiles food  (Large Pack)', null, null, null, null), ('EST-47', 'PP-RT-01', '3.00', '2.00', '1', 'P', 'Reptitles tree hole  (small)', null, null, null, null), ('EST-48', 'PP-RT-01', '5.50', '2.00', '1', 'P', 'Reptitles tree hole  (Large)', null, null, null, null);
COMMIT;

-- ----------------------------
--  Table structure for `lineitem`
-- ----------------------------
DROP TABLE IF EXISTS `lineitem`;
CREATE TABLE `lineitem` (
  `orderid` int(11) NOT NULL,
  `linenum` int(11) NOT NULL,
  `itemid` varchar(10) NOT NULL,
  `quantity` int(11) NOT NULL,
  `unitprice` decimal(10,2) NOT NULL
) ENGINE=InnoDB DEFAULT CHARSET=latin1;

-- ----------------------------
--  Records of `lineitem`
-- ----------------------------
BEGIN;
INSERT INTO `lineitem` VALUES ('100033', '9279', 'EST-20', '170', '5.50'), ('100033', '9280', 'EST-44', '186', '3.00'), ('100043', '9281', 'EST-20', '84', '5.50'), ('100043', '9282', 'EST-44', '111', '3.00'), ('100088', '9283', 'EST-20', '89', '5.50'), ('100088', '9284', 'EST-44', '108', '3.00'), ('100068', '9285', 'EST-20', '95', '5.50'), ('100068', '9286', 'EST-44', '100', '3.00'), ('100062', '9287', 'EST-20', '86', '5.50'), ('100062', '9288', 'EST-44', '190', '3.00'), ('100093', '9289', 'EST-20', '158', '5.50'), ('100093', '9290', 'EST-44', '69', '3.00'), ('100072', '9291', 'EST-20', '60', '5.50'), ('100072', '9292', 'EST-44', '112', '3.00'), ('100040', '9293', 'EST-20', '49', '5.50'), ('100040', '9294', 'EST-44', '12', '3.00'), ('100049', '9295', 'EST-20', '138', '5.50'), ('100049', '9296', 'EST-44', '3', '3.00'), ('100090', '9297', 'EST-20', '52', '5.50'), ('100090', '9298', 'EST-44', '45', '3.00'), ('100045', '9299', 'EST-20', '31', '5.50'), ('100045', '9300', 'EST-44', '140', '3.00'), ('100095', '9301', 'EST-20', '117', '5.50'), ('100095', '9302', 'EST-44', '5', '3.00'), ('100022', '9303', 'EST-20', '196', '5.50'), ('100022', '9304', 'EST-44', '6', '3.00'), ('100061', '9305', 'EST-20', '142', '5.50'), ('100061', '9306', 'EST-44', '30', '3.00'), ('100001', '9307', 'EST-20', '54', '5.50'), ('100001', '9308', 'EST-44', '153', '3.00'), ('100082', '9309', 'EST-20', '55', '5.50'), ('100082', '9310', 'EST-44', '51', '3.00'), ('100076', '9311', 'EST-20', '96', '5.50'), ('100076', '9312', 'EST-44', '162', '3.00'), ('100074', '9313', 'EST-20', '178', '5.50'), ('100074', '9314', 'EST-44', '52', '3.00'), ('100059', '9315', 'EST-20', '52', '5.50'), ('100059', '9316', 'EST-44', '58', '3.00'), ('100026', '9317', 'EST-20', '88', '5.50'), ('100026', '9318', 'EST-44', '79', '3.00'), ('100016', '9319', 'EST-20', '197', '5.50'), ('100016', '9320', 'EST-44', '133', '3.00'), ('100097', '9321', 'EST-20', '199', '5.50'), ('100097', '9322', 'EST-44', '49', '3.00'), ('100083', '9323', 'EST-20', '69', '5.50'), ('100083', '9324', 'EST-44', '86', '3.00'), ('100021', '9325', 'EST-20', '62', '5.50'), ('100021', '9326', 'EST-44', '109', '3.00'), ('100084', '9327', 'EST-20', '126', '5.50'), ('100084', '9328', 'EST-44', '199', '3.00'), ('100029', '9329', 'EST-20', '38', '5.50'), ('100029', '9330', 'EST-44', '32', '3.00'), ('100025', '9331', 'EST-20', '94', '5.50'), ('100025', '9332', 'EST-44', '83', '3.00'), ('100010', '9333', 'EST-20', '70', '5.50'), ('100010', '9334', 'EST-44', '137', '3.00'), ('100019', '9335', 'EST-20', '148', '5.50'), ('100019', '9336', 'EST-44', '65', '3.00'), ('100041', '9337', 'EST-20', '85', '5.50'), ('100041', '9338', 'EST-44', '125', '3.00'), ('100032', '9339', 'EST-21', '79', '5.29'), ('100032', '9340', 'EST-43', '183', '1.50'), ('100032', '9341', 'EST-42', '167', '4.50'), ('100074', '9342', 'EST-21', '168', '5.29'), ('100074', '9343', 'EST-43', '132', '1.50'), ('100074', '9344', 'EST-42', '72', '4.50'), ('100044', '9345', 'EST-21', '145', '5.29'), ('100044', '9346', 'EST-43', '164', '1.50'), ('100044', '9347', 'EST-42', '138', '4.50'), ('100017', '9348', 'EST-21', '80', '5.29'), ('100017', '9349', 'EST-43', '181', '1.50'), ('100017', '9350', 'EST-42', '188', '4.50'), ('100039', '9351', 'EST-21', '111', '5.29'), ('100039', '9352', 'EST-43', '194', '1.50'), ('100039', '9353', 'EST-42', '27', '4.50'), ('100064', '9354', 'EST-21', '12', '5.29'), ('100064', '9355', 'EST-43', '124', '1.50'), ('100064', '9356', 'EST-42', '165', '4.50'), ('100072', '9357', 'EST-21', '190', '5.29'), ('100072', '9358', 'EST-43', '190', '1.50'), ('100072', '9359', 'EST-42', '111', '4.50'), ('100016', '9360', 'EST-21', '43', '5.29'), ('100016', '9361', 'EST-43', '56', '1.50'), ('100016', '9362', 'EST-42', '148', '4.50'), ('100015', '9363', 'EST-21', '9', '5.29'), ('100015', '9364', 'EST-43', '48', '1.50'), ('100015', '9365', 'EST-42', '137', '4.50'), ('100083', '9366', 'EST-21', '143', '5.29'), ('100083', '9367', 'EST-43', '128', '1.50'), ('100083', '9368', 'EST-42', '34', '4.50'), ('100019', '9369', 'EST-21', '98', '5.29'), ('100019', '9370', 'EST-43', '23', '1.50'), ('100019', '9371', 'EST-42', '42', '4.50'), ('100077', '9372', 'EST-21', '127', '5.29'), ('100077', '9373', 'EST-43', '185', '1.50'), ('100077', '9374', 'EST-42', '115', '4.50'), ('100065', '9375', 'EST-21', '97', '5.29'), ('100065', '9376', 'EST-43', '56', '1.50'), ('100065', '9377', 'EST-42', '151', '4.50'), ('100080', '9378', 'EST-21', '131', '5.29'), ('100080', '9379', 'EST-43', '9', '1.50'), ('100080', '9380', 'EST-42', '95', '4.50'), ('100084', '9381', 'EST-21', '192', '5.29'), ('100084', '9382', 'EST-43', '113', '1.50'), ('100084', '9383', 'EST-42', '75', '4.50'), ('100037', '9384', 'EST-32', '26', '2.50'), ('100037', '9385', 'EST-30', '40', '12.80'), ('100030', '9386', 'EST-32', '172', '2.50'), ('100030', '9387', 'EST-30', '173', '12.80'), ('100082', '9388', 'EST-32', '58', '2.50'), ('100082', '9389', 'EST-30', '47', '12.80'), ('100043', '9390', 'EST-32', '13', '2.50'), ('100043', '9391', 'EST-30', '166', '12.80'), ('100053', '9392', 'EST-32', '152', '2.50'), ('100053', '9393', 'EST-30', '4', '12.80'), ('100069', '9394', 'EST-32', '22', '2.50'), ('100069', '9395', 'EST-30', '64', '12.80'), ('100055', '9396', 'EST-32', '97', '2.50'), ('100055', '9397', 'EST-30', '111', '12.80'), ('100056', '9398', 'EST-32', '100', '2.50'), ('100056', '9399', 'EST-30', '36', '12.80'), ('100007', '9400', 'EST-32', '188', '2.50'), ('100007', '9401', 'EST-30', '155', '12.80'), ('100003', '9402', 'EST-32', '89', '2.50'), ('100003', '9403', 'EST-30', '31', '12.80'), ('100022', '9404', 'EST-32', '51', '2.50'), ('100022', '9405', 'EST-30', '63', '12.80'), ('100021', '9406', 'EST-32', '175', '2.50'), ('100021', '9407', 'EST-30', '132', '12.80'), ('100002', '9408', 'EST-32', '177', '2.50'), ('100002', '9409', 'EST-30', '179', '12.80'), ('100059', '9410', 'EST-32', '52', '2.50'), ('100059', '9411', 'EST-30', '62', '12.80'), ('100035', '9412', 'EST-32', '198', '2.50'), ('100035', '9413', 'EST-30', '89', '12.80'), ('100000', '9414', 'EST-32', '116', '2.50'), ('100000', '9415', 'EST-30', '108', '12.80'), ('100086', '9416', 'EST-32', '120', '2.50'), ('100086', '9417', 'EST-30', '68', '12.80'), ('100034', '9418', 'EST-32', '37', '2.50'), ('100034', '9419', 'EST-30', '112', '12.80'), ('100005', '9420', 'EST-32', '129', '2.50'), ('100005', '9421', 'EST-30', '64', '12.80'), ('100092', '9422', 'EST-32', '138', '2.50'), ('100092', '9423', 'EST-30', '29', '12.80'), ('100024', '9424', 'EST-32', '134', '2.50'), ('100024', '9425', 'EST-30', '185', '12.80'), ('100061', '9426', 'EST-32', '11', '2.50'), ('100061', '9427', 'EST-30', '55', '12.80'), ('100045', '9428', 'EST-32', '29', '2.50'), ('100045', '9429', 'EST-30', '148', '12.80'), ('100080', '9430', 'EST-32', '113', '2.50'), ('100080', '9431', 'EST-30', '100', '12.80'), ('100006', '9432', 'EST-32', '49', '2.50'), ('100006', '9433', 'EST-30', '44', '12.80'), ('100046', '9434', 'EST-18', '144', '193.50'), ('100046', '9435', 'EST-32', '83', '2.50'), ('100046', '9436', 'EST-30', '76', '12.80'), ('100065', '9437', 'EST-18', '128', '193.50'), ('100065', '9438', 'EST-32', '181', '2.50'), ('100065', '9439', 'EST-30', '88', '12.80'), ('100000', '9440', 'EST-18', '34', '193.50'), ('100095', '9441', 'EST-18', '83', '193.50'), ('100095', '9442', 'EST-32', '5', '2.50'), ('100095', '9443', 'EST-30', '96', '12.80'), ('100027', '9444', 'EST-18', '50', '193.50'), ('100027', '9445', 'EST-32', '3', '2.50'), ('100027', '9446', 'EST-30', '114', '12.80'), ('100064', '9447', 'EST-18', '154', '193.50'), ('100064', '9448', 'EST-32', '76', '2.50'), ('100064', '9449', 'EST-30', '181', '12.80'), ('100020', '9450', 'EST-18', '1', '193.50'), ('100020', '9451', 'EST-32', '98', '2.50'), ('100020', '9452', 'EST-30', '181', '12.80'), ('100008', '9453', 'EST-18', '32', '193.50'), ('100008', '9454', 'EST-32', '193', '2.50'), ('100008', '9455', 'EST-30', '143', '12.80'), ('100051', '9456', 'EST-18', '63', '193.50'), ('100051', '9457', 'EST-32', '195', '2.50'), ('100051', '9458', 'EST-30', '105', '12.80'), ('100019', '9459', 'EST-18', '98', '193.50'), ('100019', '9460', 'EST-32', '84', '2.50'), ('100019', '9461', 'EST-30', '126', '12.80'), ('100036', '9462', 'EST-18', '0', '193.50'), ('100036', '9463', 'EST-32', '7', '2.50'), ('100036', '9464', 'EST-30', '139', '12.80'), ('100058', '9465', 'EST-18', '163', '193.50'), ('100058', '9466', 'EST-32', '20', '2.50'), ('100058', '9467', 'EST-30', '96', '12.80'), ('100014', '9468', 'EST-18', '171', '193.50'), ('100014', '9469', 'EST-32', '164', '2.50'), ('100014', '9470', 'EST-30', '55', '12.80'), ('100084', '9471', 'EST-18', '159', '193.50'), ('100084', '9472', 'EST-32', '83', '2.50'), ('100084', '9473', 'EST-30', '185', '12.80'), ('100086', '9474', 'EST-18', '110', '193.50'), ('100060', '9475', 'EST-18', '71', '193.50'), ('100060', '9476', 'EST-32', '48', '2.50'), ('100060', '9477', 'EST-30', '35', '12.80'), ('100022', '9478', 'EST-18', '144', '193.50'), ('100090', '9479', 'EST-18', '145', '193.50'), ('100090', '9480', 'EST-32', '188', '2.50'), ('100090', '9481', 'EST-30', '113', '12.80'), ('100055', '9482', 'EST-18', '137', '193.50'), ('100033', '9483', 'EST-18', '44', '193.50'), ('100033', '9484', 'EST-32', '129', '2.50'), ('100033', '9485', 'EST-30', '125', '12.80'), ('100099', '9486', 'EST-18', '65', '193.50'), ('100099', '9487', 'EST-32', '50', '2.50'), ('100099', '9488', 'EST-30', '169', '12.80'), ('100085', '9489', 'EST-18', '26', '193.50'), ('100085', '9490', 'EST-32', '164', '2.50'), ('100085', '9491', 'EST-30', '44', '12.80'), ('100088', '9492', 'EST-18', '76', '193.50'), ('100088', '9493', 'EST-32', '42', '2.50'), ('100088', '9494', 'EST-30', '29', '12.80'), ('100010', '9495', 'EST-18', '110', '193.50'), ('100010', '9496', 'EST-32', '148', '2.50'), ('100010', '9497', 'EST-30', '174', '12.80'), ('100047', '9498', 'EST-18', '49', '193.50'), ('100047', '9499', 'EST-32', '118', '2.50'), ('100047', '9500', 'EST-30', '198', '12.80'), ('100077', '9501', 'EST-34', '194', '6.50'), ('100077', '9502', 'EST-35', '51', '3.50'), ('100033', '9503', 'EST-34', '39', '6.50'), ('100033', '9504', 'EST-35', '164', '3.50'), ('100046', '9505', 'EST-34', '197', '6.50'), ('100046', '9506', 'EST-35', '191', '3.50'), ('100019', '9507', 'EST-34', '68', '6.50'), ('100019', '9508', 'EST-35', '169', '3.50'), ('100082', '9509', 'EST-34', '24', '6.50'), ('100082', '9510', 'EST-35', '130', '3.50'), ('100040', '9511', 'EST-34', '111', '6.50'), ('100040', '9512', 'EST-35', '96', '3.50'), ('100029', '9513', 'EST-34', '119', '6.50'), ('100029', '9514', 'EST-35', '188', '3.50'), ('100041', '9515', 'EST-34', '185', '6.50'), ('100041', '9516', 'EST-35', '10', '3.50'), ('100037', '9517', 'EST-34', '153', '6.50'), ('100037', '9518', 'EST-35', '62', '3.50'), ('100018', '9519', 'EST-34', '36', '6.50'), ('100018', '9520', 'EST-35', '109', '3.50'), ('100006', '9521', 'EST-34', '19', '6.50'), ('100006', '9522', 'EST-35', '75', '3.50'), ('100095', '9523', 'EST-34', '116', '6.50'), ('100095', '9524', 'EST-35', '114', '3.50'), ('100004', '9525', 'EST-34', '175', '6.50'), ('100004', '9526', 'EST-35', '2', '3.50'), ('100091', '9527', 'EST-34', '68', '6.50'), ('100091', '9528', 'EST-35', '145', '3.50'), ('100054', '9529', 'EST-34', '126', '6.50'), ('100054', '9530', 'EST-35', '53', '3.50'), ('100020', '9531', 'EST-34', '167', '6.50'), ('100020', '9532', 'EST-35', '153', '3.50'), ('100039', '9533', 'EST-34', '93', '6.50'), ('100039', '9534', 'EST-35', '37', '3.50'), ('100044', '9535', 'EST-34', '187', '6.50'), ('100044', '9536', 'EST-35', '189', '3.50'), ('100031', '9537', 'EST-34', '13', '6.50'), ('100031', '9538', 'EST-35', '161', '3.50'), ('100034', '9539', 'EST-34', '10', '6.50'), ('100034', '9540', 'EST-35', '139', '3.50'), ('100051', '9541', 'EST-01', '173', '16.50'), ('100051', '9542', 'EST-02', '29', '16.50'), ('100020', '9543', 'EST-01', '67', '16.50'), ('100020', '9544', 'EST-02', '183', '16.50'), ('100092', '9545', 'EST-01', '117', '16.50'), ('100092', '9546', 'EST-02', '141', '16.50'), ('100099', '9547', 'EST-01', '174', '16.50'), ('100099', '9548', 'EST-02', '24', '16.50'), ('100021', '9549', 'EST-01', '159', '16.50'), ('100021', '9550', 'EST-02', '120', '16.50'), ('100022', '9551', 'EST-01', '0', '16.50'), ('100022', '9552', 'EST-02', '128', '16.50'), ('100010', '9553', 'EST-01', '115', '16.50'), ('100010', '9554', 'EST-02', '146', '16.50'), ('100060', '9555', 'EST-01', '138', '16.50'), ('100060', '9556', 'EST-02', '77', '16.50'), ('100082', '9557', 'EST-01', '112', '16.50'), ('100082', '9558', 'EST-02', '21', '16.50'), ('100075', '9559', 'EST-01', '87', '16.50'), ('100075', '9560', 'EST-02', '188', '16.50'), ('100005', '9561', 'EST-01', '37', '16.50'), ('100005', '9562', 'EST-02', '120', '16.50'), ('100066', '9563', 'EST-01', '105', '16.50'), ('100066', '9564', 'EST-02', '86', '16.50'), ('100049', '9565', 'EST-01', '185', '16.50'), ('100049', '9566', 'EST-02', '42', '16.50'), ('100065', '9567', 'EST-01', '136', '16.50'), ('100065', '9568', 'EST-02', '176', '16.50'), ('100040', '9569', 'EST-01', '124', '16.50'), ('100040', '9570', 'EST-02', '116', '16.50'), ('100068', '9571', 'EST-01', '88', '16.50'), ('100068', '9572', 'EST-02', '153', '16.50'), ('100047', '9573', 'EST-01', '50', '16.50'), ('100047', '9574', 'EST-02', '143', '16.50'), ('100014', '9575', 'EST-01', '133', '16.50'), ('100014', '9576', 'EST-02', '26', '16.50'), ('100034', '9577', 'EST-01', '8', '16.50'), ('100034', '9578', 'EST-02', '4', '16.50'), ('100036', '9579', 'EST-01', '197', '16.50'), ('100036', '9580', 'EST-02', '60', '16.50'), ('100000', '9581', 'EST-44', '101', '3.00'), ('100000', '9582', 'EST-31', '191', '1.25'), ('100000', '9583', 'EST-07', '82', '18.50'), ('100000', '9584', 'EST-21', '130', '5.29'), ('100000', '9585', 'EST-23', '108', '145.49'), ('100001', '9586', 'EST-47', '68', '3.00'), ('100002', '9587', 'EST-48', '182', '5.50'), ('100002', '9588', 'EST-14', '96', '58.50'), ('100002', '9589', 'EST-03', '45', '18.50'), ('100003', '9590', 'EST-08', '6', '18.50'), ('100003', '9591', 'EST-04', '174', '18.50'), ('100003', '9592', 'EST-33', '13', '3.25'), ('100003', '9593', 'EST-18', '82', '193.50'), ('100003', '9594', 'EST-36', '51', '7.00'), ('100003', '9595', 'EST-37', '15', '12.50'), ('100004', '9596', 'EST-28', '66', '155.29'), ('100004', '9597', 'EST-03', '72', '18.50'), ('100004', '9598', 'EST-24', '74', '255.50'), ('100004', '9599', 'EST-18', '17', '193.50'), ('100004', '9600', 'EST-19', '12', '15.50'), ('100004', '9601', 'EST-32', '199', '2.50'), ('100005', '9602', 'EST-17', '6', '93.50'), ('100005', '9603', 'EST-44', '47', '3.00'), ('100005', '9604', 'EST-12', '70', '18.50'), ('100005', '9605', 'EST-13', '49', '18.50'), ('100005', '9606', 'EST-24', '99', '255.50'), ('100005', '9607', 'EST-37', '6', '12.50'), ('100006', '9608', 'EST-09', '146', '18.50'), ('100006', '9609', 'EST-16', '83', '93.50'), ('100007', '9610', 'EST-17', '166', '93.50'), ('100008', '9611', 'EST-04', '87', '18.50'), ('100008', '9612', 'EST-20', '166', '5.50'), ('100009', '9613', 'EST-14', '15', '58.50'), ('100009', '9614', 'EST-28', '161', '155.29'), ('100010', '9615', 'EST-17', '152', '93.50'), ('100010', '9616', 'EST-38', '130', '15.50'), ('100010', '9617', 'EST-47', '45', '3.00'), ('100010', '9618', 'EST-28', '68', '155.29'), ('100011', '9619', 'EST-45', '147', '4.00'), ('100011', '9620', 'EST-22', '144', '135.50'), ('100011', '9621', 'EST-18', '113', '193.50'), ('100011', '9622', 'EST-15', '119', '23.50'), ('100011', '9623', 'EST-05', '128', '18.50'), ('100012', '9624', 'EST-30', '165', '12.80'), ('100013', '9625', 'EST-04', '51', '18.50'), ('100014', '9626', 'EST-05', '40', '18.50'), ('100015', '9627', 'EST-30', '31', '12.80'), ('100015', '9628', 'EST-32', '167', '2.50'), ('100015', '9629', 'EST-08', '69', '18.50'), ('100016', '9630', 'EST-36', '65', '7.00'), ('100017', '9631', 'EST-17', '157', '93.50'), ('100017', '9632', 'EST-05', '27', '18.50'), ('100017', '9633', 'EST-25', '86', '325.29'), ('100018', '9634', 'EST-19', '55', '15.50'), ('100018', '9635', 'EST-38', '43', '15.50'), ('100018', '9636', 'EST-10', '15', '18.50'), ('100018', '9637', 'EST-45', '42', '4.00'), ('100019', '9638', 'EST-25', '162', '325.29'), ('100019', '9639', 'EST-08', '150', '18.50'), ('100019', '9640', 'EST-47', '87', '3.00'), ('100020', '9641', 'EST-36', '60', '7.00'), ('100021', '9642', 'EST-23', '104', '145.49'), ('100021', '9643', 'EST-05', '106', '18.50'), ('100021', '9644', 'EST-34', '69', '6.50'), ('100021', '9645', 'EST-03', '172', '18.50'), ('100021', '9646', 'EST-21', '9', '5.29'), ('100023', '9647', 'EST-48', '110', '5.50'), ('100023', '9648', 'EST-35', '197', '3.50'), ('100023', '9649', 'EST-26', '23', '125.50'), ('100024', '9650', 'EST-43', '66', '1.50'), ('100024', '9651', 'EST-25', '34', '325.29'), ('100024', '9652', 'EST-06', '137', '18.50'), ('100024', '9653', 'EST-34', '97', '6.50'), ('100024', '9654', 'EST-31', '107', '1.25'), ('100025', '9655', 'EST-13', '98', '18.50'), ('100025', '9656', 'EST-11', '134', '18.50'), ('100025', '9657', 'EST-48', '30', '5.50'), ('100025', '9658', 'EST-16', '183', '93.50'), ('100025', '9659', 'EST-27', '125', '155.29'), ('100026', '9660', 'EST-36', '142', '7.00'), ('100026', '9661', 'EST-38', '143', '15.50'), ('100026', '9662', 'EST-05', '14', '18.50'), ('100026', '9663', 'EST-35', '91', '3.50'), ('100026', '9664', 'EST-33', '45', '3.25'), ('100026', '9665', 'EST-03', '22', '18.50'), ('100027', '9666', 'EST-38', '153', '15.50'), ('100027', '9667', 'EST-24', '179', '255.50'), ('100027', '9668', 'EST-22', '4', '135.50'), ('100028', '9669', 'EST-27', '134', '155.29'), ('100028', '9670', 'EST-12', '148', '18.50'), ('100029', '9671', 'EST-15', '3', '23.50'), ('100030', '9672', 'EST-41', '177', '4.50'), ('100030', '9673', 'EST-37', '34', '12.50'), ('100030', '9674', 'EST-07', '99', '18.50'), ('100031', '9675', 'EST-19', '168', '15.50'), ('100031', '9676', 'EST-46', '148', '8.00'), ('100032', '9677', 'EST-28', '4', '155.29'), ('100032', '9678', 'EST-16', '37', '93.50'), ('100032', '9679', 'EST-20', '179', '5.50'), ('100033', '9680', 'EST-38', '121', '15.50'), ('100033', '9681', 'EST-08', '1', '18.50'), ('100034', '9682', 'EST-36', '166', '7.00'), ('100034', '9683', 'EST-41', '108', '4.50'), ('100034', '9684', 'EST-15', '80', '23.50'), ('100034', '9685', 'EST-06', '119', '18.50'), ('100034', '9686', 'EST-43', '4', '1.50'), ('100034', '9687', 'EST-40', '138', '21.00'), ('100035', '9688', 'EST-31', '175', '1.25'), ('100036', '9689', 'EST-05', '103', '18.50'), ('100036', '9690', 'EST-44', '198', '3.00'), ('100036', '9691', 'EST-43', '81', '1.50'), ('100036', '9692', 'EST-40', '97', '21.00'), ('100036', '9693', 'EST-26', '112', '125.50'), ('100036', '9694', 'EST-34', '92', '6.50'), ('100037', '9695', 'EST-04', '43', '18.50'), ('100038', '9696', 'EST-45', '12', '4.00'), ('100038', '9697', 'EST-24', '87', '255.50'), ('100038', '9698', 'EST-11', '122', '18.50'), ('100038', '9699', 'EST-12', '181', '18.50'), ('100039', '9700', 'EST-16', '195', '93.50'), ('100039', '9701', 'EST-27', '116', '155.29'), ('100039', '9702', 'EST-28', '11', '155.29'), ('100039', '9703', 'EST-01', '129', '16.50'), ('100040', '9704', 'EST-38', '3', '15.50'), ('100040', '9705', 'EST-12', '161', '18.50'), ('100040', '9706', 'EST-11', '78', '18.50'), ('100040', '9707', 'EST-47', '116', '3.00'), ('100041', '9708', 'EST-39', '78', '10.50'), ('100041', '9709', 'EST-13', '129', '18.50'), ('100041', '9710', 'EST-37', '66', '12.50'), ('100042', '9711', 'EST-42', '175', '4.50'), ('100042', '9712', 'EST-47', '39', '3.00'), ('100042', '9713', 'EST-02', '76', '16.50'), ('100042', '9714', 'EST-36', '12', '7.00'), ('100042', '9715', 'EST-34', '125', '6.50'), ('100043', '9716', 'EST-23', '175', '145.49'), ('100043', '9717', 'EST-10', '34', '18.50'), ('100043', '9718', 'EST-47', '65', '3.00'), ('100044', '9719', 'EST-32', '16', '2.50'), ('100044', '9720', 'EST-10', '195', '18.50'), ('100045', '9721', 'EST-34', '180', '6.50'), ('100046', '9722', 'EST-13', '99', '18.50'), ('100046', '9723', 'EST-12', '81', '18.50'), ('100046', '9724', 'EST-44', '190', '3.00'), ('100046', '9725', 'EST-07', '111', '18.50'), ('100046', '9726', 'EST-21', '171', '5.29'), ('100047', '9727', 'EST-13', '151', '18.50'), ('100047', '9728', 'EST-16', '4', '93.50'), ('100048', '9729', 'EST-02', '6', '16.50'), ('100048', '9730', 'EST-39', '123', '10.50'), ('100049', '9731', 'EST-45', '163', '4.00'), ('100049', '9732', 'EST-25', '66', '325.29'), ('100049', '9733', 'EST-26', '63', '125.50'), ('100050', '9734', 'EST-07', '10', '18.50'), ('100050', '9735', 'EST-11', '17', '18.50'), ('100050', '9736', 'EST-13', '62', '18.50'), ('100051', '9737', 'EST-37', '117', '12.50'), ('100052', '9738', 'EST-16', '141', '93.50'), ('100052', '9739', 'EST-37', '152', '12.50'), ('100052', '9740', 'EST-15', '118', '23.50'), ('100052', '9741', 'EST-24', '170', '255.50'), ('100052', '9742', 'EST-43', '142', '1.50'), ('100053', '9743', 'EST-16', '87', '93.50'), ('100053', '9744', 'EST-44', '176', '3.00'), ('100053', '9745', 'EST-12', '184', '18.50'), ('100054', '9746', 'EST-20', '91', '5.50'), ('100054', '9747', 'EST-10', '65', '18.50'), ('100054', '9748', 'EST-01', '112', '16.50'), ('100054', '9749', 'EST-13', '33', '18.50'), ('100054', '9750', 'EST-16', '117', '93.50'), ('100055', '9751', 'EST-28', '150', '155.29'), ('100055', '9752', 'EST-08', '37', '18.50'), ('100055', '9753', 'EST-39', '195', '10.50'), ('100056', '9754', 'EST-16', '177', '93.50'), ('100056', '9755', 'EST-25', '59', '325.29'), ('100056', '9756', 'EST-15', '196', '23.50'), ('100056', '9757', 'EST-06', '44', '18.50'), ('100056', '9758', 'EST-05', '2', '18.50'), ('100057', '9759', 'EST-12', '141', '18.50'), ('100057', '9760', 'EST-32', '160', '2.50'), ('100058', '9761', 'EST-01', '53', '16.50'), ('100059', '9762', 'EST-25', '90', '325.29'), ('100060', '9763', 'EST-14', '77', '58.50'), ('100060', '9764', 'EST-34', '70', '6.50'), ('100060', '9765', 'EST-47', '192', '3.00'), ('100060', '9766', 'EST-41', '87', '4.50'), ('100061', '9767', 'EST-18', '55', '193.50'), ('100061', '9768', 'EST-27', '188', '155.29'), ('100062', '9769', 'EST-39', '128', '10.50'), ('100062', '9770', 'EST-15', '65', '23.50'), ('100062', '9771', 'EST-08', '80', '18.50'), ('100062', '9772', 'EST-17', '37', '93.50'), ('100062', '9773', 'EST-11', '0', '18.50'), ('100062', '9774', 'EST-21', '87', '5.29'), ('100063', '9775', 'EST-09', '31', '18.50'), ('100063', '9776', 'EST-14', '120', '58.50'), ('100063', '9777', 'EST-10', '185', '18.50'), ('100063', '9778', 'EST-01', '164', '16.50'), ('100063', '9779', 'EST-13', '133', '18.50'), ('100063', '9780', 'EST-25', '31', '325.29'), ('100064', '9781', 'EST-40', '166', '21.00'), ('100064', '9782', 'EST-31', '0', '1.25'), ('100064', '9783', 'EST-38', '129', '15.50'), ('100064', '9784', 'EST-37', '192', '12.50'), ('100065', '9785', 'EST-46', '53', '8.00'), ('100065', '9786', 'EST-39', '169', '10.50'), ('100065', '9787', 'EST-38', '49', '15.50'), ('100065', '9788', 'EST-15', '115', '23.50'), ('100065', '9789', 'EST-06', '177', '18.50'), ('100066', '9790', 'EST-40', '74', '21.00'), ('100066', '9791', 'EST-45', '12', '4.00'), ('100067', '9792', 'EST-36', '185', '7.00'), ('100067', '9793', 'EST-45', '161', '4.00'), ('100067', '9794', 'EST-16', '38', '93.50'), ('100068', '9795', 'EST-29', '7', '12.80'), ('100068', '9796', 'EST-10', '10', '18.50'), ('100068', '9797', 'EST-26', '126', '125.50'), ('100069', '9798', 'EST-45', '166', '4.00'), ('100069', '9799', 'EST-38', '101', '15.50'), ('100069', '9800', 'EST-14', '69', '58.50'), ('100069', '9801', 'EST-10', '191', '18.50'), ('100070', '9802', 'EST-39', '29', '10.50'), ('100070', '9803', 'EST-47', '126', '3.00'), ('100070', '9804', 'EST-21', '34', '5.29'), ('100070', '9805', 'EST-19', '99', '15.50'), ('100070', '9806', 'EST-14', '121', '58.50'), ('100070', '9807', 'EST-25', '34', '325.29'), ('100071', '9808', 'EST-03', '130', '18.50'), ('100071', '9809', 'EST-24', '136', '255.50'), ('100071', '9810', 'EST-31', '127', '1.25'), ('100071', '9811', 'EST-10', '179', '18.50'), ('100071', '9812', 'EST-38', '121', '15.50'), ('100071', '9813', 'EST-15', '33', '23.50'), ('100072', '9814', 'EST-14', '8', '58.50'), ('100072', '9815', 'EST-15', '91', '23.50'), ('100072', '9816', 'EST-17', '141', '93.50'), ('100072', '9817', 'EST-33', '99', '3.25'), ('100073', '9818', 'EST-18', '81', '193.50'), ('100073', '9819', 'EST-22', '48', '135.50'), ('100073', '9820', 'EST-40', '156', '21.00'), ('100074', '9821', 'EST-15', '151', '23.50'), ('100075', '9822', 'EST-15', '35', '23.50'), ('100075', '9823', 'EST-18', '8', '193.50'), ('100075', '9824', 'EST-12', '177', '18.50'), ('100076', '9825', 'EST-35', '76', '3.50'), ('100076', '9826', 'EST-13', '43', '18.50'), ('100076', '9827', 'EST-22', '70', '135.50'), ('100076', '9828', 'EST-10', '140', '18.50'), ('100076', '9829', 'EST-29', '158', '12.80'), ('100077', '9830', 'EST-39', '149', '10.50'), ('100078', '9831', 'EST-38', '177', '15.50'), ('100078', '9832', 'EST-31', '72', '1.25'), ('100078', '9833', 'EST-23', '79', '145.49'), ('100079', '9834', 'EST-14', '157', '58.50'), ('100079', '9835', 'EST-04', '182', '18.50'), ('100079', '9836', 'EST-35', '43', '3.50'), ('100079', '9837', 'EST-17', '112', '93.50'), ('100079', '9838', 'EST-40', '4', '21.00'), ('100079', '9839', 'EST-07', '181', '18.50'), ('100080', '9840', 'EST-02', '55', '16.50'), ('100080', '9841', 'EST-45', '172', '4.00'), ('100080', '9842', 'EST-18', '34', '193.50'), ('100081', '9843', 'EST-28', '98', '155.29'), ('100081', '9844', 'EST-11', '138', '18.50'), ('100081', '9845', 'EST-30', '2', '12.80'), ('100081', '9846', 'EST-20', '58', '5.50'), ('100081', '9847', 'EST-19', '62', '15.50'), ('100081', '9848', 'EST-26', '190', '125.50'), ('100082', '9849', 'EST-48', '176', '5.50'), ('100082', '9850', 'EST-12', '149', '18.50'), ('100082', '9851', 'EST-14', '128', '58.50'), ('100083', '9852', 'EST-29', '149', '12.80'), ('100083', '9853', 'EST-39', '149', '10.50'), ('100084', '9854', 'EST-03', '12', '18.50'), ('100084', '9855', 'EST-35', '34', '3.50'), ('100084', '9856', 'EST-27', '139', '155.29'), ('100084', '9857', 'EST-01', '77', '16.50'), ('100085', '9858', 'EST-29', '181', '12.80'), ('100086', '9859', 'EST-43', '46', '1.50'), ('100087', '9860', 'EST-26', '117', '125.50'), ('100087', '9861', 'EST-21', '156', '5.29'), ('100087', '9862', 'EST-22', '148', '135.50'), ('100088', '9863', 'EST-15', '194', '23.50'), ('100088', '9864', 'EST-38', '105', '15.50'), ('100088', '9865', 'EST-19', '139', '15.50'), ('100089', '9866', 'EST-27', '140', '155.29'), ('100090', '9867', 'EST-31', '41', '1.25'), ('100090', '9868', 'EST-08', '186', '18.50'), ('100090', '9869', 'EST-26', '8', '125.50'), ('100090', '9870', 'EST-15', '178', '23.50'), ('100090', '9871', 'EST-14', '139', '58.50'), ('100091', '9872', 'EST-07', '40', '18.50'), ('100092', '9873', 'EST-27', '9', '155.29'), ('100092', '9874', 'EST-47', '115', '3.00'), ('100093', '9875', 'EST-10', '196', '18.50'), ('100093', '9876', 'EST-35', '68', '3.50'), ('100093', '9877', 'EST-42', '22', '4.50'), ('100093', '9878', 'EST-30', '42', '12.80'), ('100094', '9879', 'EST-26', '179', '125.50'), ('100095', '9880', 'EST-29', '117', '12.80'), ('100095', '9881', 'EST-28', '87', '155.29'), ('100095', '9882', 'EST-12', '191', '18.50'), ('100096', '9883', 'EST-04', '166', '18.50'), ('100097', '9884', 'EST-27', '57', '155.29'), ('100098', '9885', 'EST-06', '166', '18.50'), ('100098', '9886', 'EST-40', '162', '21.00'), ('100098', '9887', 'EST-34', '104', '6.50'), ('100099', '9888', 'EST-36', '140', '7.00'), ('100099', '9889', 'EST-11', '132', '18.50'), ('100099', '9890', 'EST-26', '148', '125.50'), ('100099', '9891', 'EST-05', '69', '18.50');
COMMIT;

-- ----------------------------
--  Table structure for `orders`
-- ----------------------------
DROP TABLE IF EXISTS `orders`;
CREATE TABLE `orders` (
  `orderid` int(11) NOT NULL,
  `userid` varchar(80) NOT NULL,
  `orderdate` date NOT NULL,
  `shipaddr1` varchar(80) NOT NULL,
  `shipaddr2` varchar(80) DEFAULT NULL,
  `shipcity` varchar(80) NOT NULL,
  `shipstate` varchar(80) NOT NULL,
  `shipzip` varchar(20) NOT NULL,
  `shipcountry` varchar(20) NOT NULL,
  `billaddr1` varchar(80) NOT NULL,
  `billaddr2` varchar(80) DEFAULT NULL,
  `billcity` varchar(80) NOT NULL,
  `billstate` varchar(80) NOT NULL,
  `billzip` varchar(20) NOT NULL,
  `billcountry` varchar(20) NOT NULL,
  `courier` varchar(80) NOT NULL,
  `totalprice` decimal(10,2) NOT NULL,
  `billtofirstname` varchar(80) NOT NULL,
  `billtolastname` varchar(80) NOT NULL,
  `shiptofirstname` varchar(80) NOT NULL,
  `shiptolastname` varchar(80) NOT NULL,
  `creditcard` varchar(80) NOT NULL,
  `exprdate` varchar(7) NOT NULL,
  `cardtype` varchar(80) NOT NULL,
  `locale` varchar(80) NOT NULL,
  PRIMARY KEY (`orderid`)
) ENGINE=InnoDB DEFAULT CHARSET=latin1;

-- ----------------------------
--  Records of `orders`
-- ----------------------------
BEGIN;
INSERT INTO `orders` VALUES ('100000', 'j2ee', '2015-05-19', '901 San Antonio Road', 'MS UCUP02-206', 'Palo Alto', 'CA', '94303', 'USA', '901 San Antonio Road', 'MS UCUP02-206', 'Palo Alto', 'CA', '94303', 'USA', 'UPS', '0.00', 'ABC', 'XYX', 'ABC', 'XYX', '999 9999 9999 9999', '12/03', 'Visa', 'CA'), ('100001', 'j2ee', '2015-05-19', '901 San Antonio Road', 'MS UCUP02-206', 'Palo Alto', 'CA', '94303', 'USA', '901 San Antonio Road', 'MS UCUP02-206', 'Palo Alto', 'CA', '94303', 'USA', 'UPS', '0.00', 'ABC', 'XYX', 'ABC', 'XYX', '999 9999 9999 9999', '12/03', 'Visa', 'CA'), ('100002', 'j2ee', '2015-05-19', '901 San Antonio Road', 'MS UCUP02-206', 'Palo Alto', 'CA', '94303', 'USA', '901 San Antonio Road', 'MS UCUP02-206', 'Palo Alto', 'CA', '94303', 'USA', 'UPS', '0.00', 'ABC', 'XYX', 'ABC', 'XYX', '999 9999 9999 9999', '12/03', 'Visa', 'CA'), ('100003', 'j2ee', '2015-05-19', '901 San Antonio Road', 'MS UCUP02-206', 'Palo Alto', 'CA', '94303', 'USA', '901 San Antonio Road', 'MS UCUP02-206', 'Palo Alto', 'CA', '94303', 'USA', 'UPS', '0.00', 'ABC', 'XYX', 'ABC', 'XYX', '999 9999 9999 9999', '12/03', 'Visa', 'CA'), ('100004', 'j2ee', '2015-05-19', '901 San Antonio Road', 'MS UCUP02-206', 'Palo Alto', 'CA', '94303', 'USA', '901 San Antonio Road', 'MS UCUP02-206', 'Palo Alto', 'CA', '94303', 'USA', 'UPS', '0.00', 'ABC', 'XYX', 'ABC', 'XYX', '999 9999 9999 9999', '12/03', 'Visa', 'CA'), ('100005', 'j2ee', '2015-05-19', '901 San Antonio Road', 'MS UCUP02-206', 'Palo Alto', 'CA', '94303', 'USA', '901 San Antonio Road', 'MS UCUP02-206', 'Palo Alto', 'CA', '94303', 'USA', 'UPS', '0.00', 'ABC', 'XYX', 'ABC', 'XYX', '999 9999 9999 9999', '12/03', 'Visa', 'CA'), ('100006', 'j2ee', '2015-05-19', '901 San Antonio Road', 'MS UCUP02-206', 'Palo Alto', 'CA', '94303', 'USA', '901 San Antonio Road', 'MS UCUP02-206', 'Palo Alto', 'CA', '94303', 'USA', 'UPS', '0.00', 'ABC', 'XYX', 'ABC', 'XYX', '999 9999 9999 9999', '12/03', 'Visa', 'CA'), ('100007', 'j2ee', '2015-05-19', '901 San Antonio Road', 'MS UCUP02-206', 'Palo Alto', 'CA', '94303', 'USA', '901 San Antonio Road', 'MS UCUP02-206', 'Palo Alto', 'CA', '94303', 'USA', 'UPS', '0.00', 'ABC', 'XYX', 'ABC', 'XYX', '999 9999 9999 9999', '12/03', 'Visa', 'CA'), ('100008', 'j2ee', '2015-05-19', '901 San Antonio Road', 'MS UCUP02-206', 'Palo Alto', 'CA', '94303', 'USA', '901 San Antonio Road', 'MS UCUP02-206', 'Palo Alto', 'CA', '94303', 'USA', 'UPS', '0.00', 'ABC', 'XYX', 'ABC', 'XYX', '999 9999 9999 9999', '12/03', 'Visa', 'CA'), ('100009', 'j2ee', '2015-05-19', '901 San Antonio Road', 'MS UCUP02-206', 'Palo Alto', 'CA', '94303', 'USA', '901 San Antonio Road', 'MS UCUP02-206', 'Palo Alto', 'CA', '94303', 'USA', 'UPS', '0.00', 'ABC', 'XYX', 'ABC', 'XYX', '999 9999 9999 9999', '12/03', 'Visa', 'CA'), ('100010', 'j2ee', '2015-05-19', '901 San Antonio Road', 'MS UCUP02-206', 'Palo Alto', 'CA', '94303', 'USA', '901 San Antonio Road', 'MS UCUP02-206', 'Palo Alto', 'CA', '94303', 'USA', 'UPS', '0.00', 'ABC', 'XYX', 'ABC', 'XYX', '999 9999 9999 9999', '12/03', 'Visa', 'CA'), ('100011', 'j2ee', '2015-05-19', '901 San Antonio Road', 'MS UCUP02-206', 'Palo Alto', 'CA', '94303', 'USA', '901 San Antonio Road', 'MS UCUP02-206', 'Palo Alto', 'CA', '94303', 'USA', 'UPS', '0.00', 'ABC', 'XYX', 'ABC', 'XYX', '999 9999 9999 9999', '12/03', 'Visa', 'CA'), ('100012', 'j2ee', '2015-05-19', '901 San Antonio Road', 'MS UCUP02-206', 'Palo Alto', 'CA', '94303', 'USA', '901 San Antonio Road', 'MS UCUP02-206', 'Palo Alto', 'CA', '94303', 'USA', 'UPS', '0.00', 'ABC', 'XYX', 'ABC', 'XYX', '999 9999 9999 9999', '12/03', 'Visa', 'CA'), ('100013', 'j2ee', '2015-05-19', '901 San Antonio Road', 'MS UCUP02-206', 'Palo Alto', 'CA', '94303', 'USA', '901 San Antonio Road', 'MS UCUP02-206', 'Palo Alto', 'CA', '94303', 'USA', 'UPS', '0.00', 'ABC', 'XYX', 'ABC', 'XYX', '999 9999 9999 9999', '12/03', 'Visa', 'CA'), ('100014', 'j2ee', '2015-05-19', '901 San Antonio Road', 'MS UCUP02-206', 'Palo Alto', 'CA', '94303', 'USA', '901 San Antonio Road', 'MS UCUP02-206', 'Palo Alto', 'CA', '94303', 'USA', 'UPS', '0.00', 'ABC', 'XYX', 'ABC', 'XYX', '999 9999 9999 9999', '12/03', 'Visa', 'CA'), ('100015', 'j2ee', '2015-05-19', '901 San Antonio Road', 'MS UCUP02-206', 'Palo Alto', 'CA', '94303', 'USA', '901 San Antonio Road', 'MS UCUP02-206', 'Palo Alto', 'CA', '94303', 'USA', 'UPS', '0.00', 'ABC', 'XYX', 'ABC', 'XYX', '999 9999 9999 9999', '12/03', 'Visa', 'CA'), ('100016', 'j2ee', '2015-05-19', '901 San Antonio Road', 'MS UCUP02-206', 'Palo Alto', 'CA', '94303', 'USA', '901 San Antonio Road', 'MS UCUP02-206', 'Palo Alto', 'CA', '94303', 'USA', 'UPS', '0.00', 'ABC', 'XYX', 'ABC', 'XYX', '999 9999 9999 9999', '12/03', 'Visa', 'CA'), ('100017', 'j2ee', '2015-05-19', '901 San Antonio Road', 'MS UCUP02-206', 'Palo Alto', 'CA', '94303', 'USA', '901 San Antonio Road', 'MS UCUP02-206', 'Palo Alto', 'CA', '94303', 'USA', 'UPS', '0.00', 'ABC', 'XYX', 'ABC', 'XYX', '999 9999 9999 9999', '12/03', 'Visa', 'CA'), ('100018', 'j2ee', '2015-05-19', '901 San Antonio Road', 'MS UCUP02-206', 'Palo Alto', 'CA', '94303', 'USA', '901 San Antonio Road', 'MS UCUP02-206', 'Palo Alto', 'CA', '94303', 'USA', 'UPS', '0.00', 'ABC', 'XYX', 'ABC', 'XYX', '999 9999 9999 9999', '12/03', 'Visa', 'CA'), ('100019', 'j2ee', '2015-05-19', '901 San Antonio Road', 'MS UCUP02-206', 'Palo Alto', 'CA', '94303', 'USA', '901 San Antonio Road', 'MS UCUP02-206', 'Palo Alto', 'CA', '94303', 'USA', 'UPS', '0.00', 'ABC', 'XYX', 'ABC', 'XYX', '999 9999 9999 9999', '12/03', 'Visa', 'CA'), ('100020', 'j2ee', '2015-05-19', '901 San Antonio Road', 'MS UCUP02-206', 'Palo Alto', 'CA', '94303', 'USA', '901 San Antonio Road', 'MS UCUP02-206', 'Palo Alto', 'CA', '94303', 'USA', 'UPS', '0.00', 'ABC', 'XYX', 'ABC', 'XYX', '999 9999 9999 9999', '12/03', 'Visa', 'CA'), ('100021', 'j2ee', '2015-05-19', '901 San Antonio Road', 'MS UCUP02-206', 'Palo Alto', 'CA', '94303', 'USA', '901 San Antonio Road', 'MS UCUP02-206', 'Palo Alto', 'CA', '94303', 'USA', 'UPS', '0.00', 'ABC', 'XYX', 'ABC', 'XYX', '999 9999 9999 9999', '12/03', 'Visa', 'CA'), ('100022', 'j2ee', '2015-05-19', '901 San Antonio Road', 'MS UCUP02-206', 'Palo Alto', 'CA', '94303', 'USA', '901 San Antonio Road', 'MS UCUP02-206', 'Palo Alto', 'CA', '94303', 'USA', 'UPS', '0.00', 'ABC', 'XYX', 'ABC', 'XYX', '999 9999 9999 9999', '12/03', 'Visa', 'CA'), ('100023', 'j2ee', '2015-05-19', '901 San Antonio Road', 'MS UCUP02-206', 'Palo Alto', 'CA', '94303', 'USA', '901 San Antonio Road', 'MS UCUP02-206', 'Palo Alto', 'CA', '94303', 'USA', 'UPS', '0.00', 'ABC', 'XYX', 'ABC', 'XYX', '999 9999 9999 9999', '12/03', 'Visa', 'CA'), ('100024', 'j2ee', '2015-05-19', '901 San Antonio Road', 'MS UCUP02-206', 'Palo Alto', 'CA', '94303', 'USA', '901 San Antonio Road', 'MS UCUP02-206', 'Palo Alto', 'CA', '94303', 'USA', 'UPS', '0.00', 'ABC', 'XYX', 'ABC', 'XYX', '999 9999 9999 9999', '12/03', 'Visa', 'CA'), ('100025', 'j2ee', '2015-05-19', '901 San Antonio Road', 'MS UCUP02-206', 'Palo Alto', 'CA', '94303', 'USA', '901 San Antonio Road', 'MS UCUP02-206', 'Palo Alto', 'CA', '94303', 'USA', 'UPS', '0.00', 'ABC', 'XYX', 'ABC', 'XYX', '999 9999 9999 9999', '12/03', 'Visa', 'CA'), ('100026', 'j2ee', '2015-05-19', '901 San Antonio Road', 'MS UCUP02-206', 'Palo Alto', 'CA', '94303', 'USA', '901 San Antonio Road', 'MS UCUP02-206', 'Palo Alto', 'CA', '94303', 'USA', 'UPS', '0.00', 'ABC', 'XYX', 'ABC', 'XYX', '999 9999 9999 9999', '12/03', 'Visa', 'CA'), ('100027', 'j2ee', '2015-05-19', '901 San Antonio Road', 'MS UCUP02-206', 'Palo Alto', 'CA', '94303', 'USA', '901 San Antonio Road', 'MS UCUP02-206', 'Palo Alto', 'CA', '94303', 'USA', 'UPS', '0.00', 'ABC', 'XYX', 'ABC', 'XYX', '999 9999 9999 9999', '12/03', 'Visa', 'CA'), ('100028', 'j2ee', '2015-05-19', '901 San Antonio Road', 'MS UCUP02-206', 'Palo Alto', 'CA', '94303', 'USA', '901 San Antonio Road', 'MS UCUP02-206', 'Palo Alto', 'CA', '94303', 'USA', 'UPS', '0.00', 'ABC', 'XYX', 'ABC', 'XYX', '999 9999 9999 9999', '12/03', 'Visa', 'CA'), ('100029', 'j2ee', '2015-05-19', '901 San Antonio Road', 'MS UCUP02-206', 'Palo Alto', 'CA', '94303', 'USA', '901 San Antonio Road', 'MS UCUP02-206', 'Palo Alto', 'CA', '94303', 'USA', 'UPS', '0.00', 'ABC', 'XYX', 'ABC', 'XYX', '999 9999 9999 9999', '12/03', 'Visa', 'CA'), ('100030', 'j2ee', '2015-05-19', '901 San Antonio Road', 'MS UCUP02-206', 'Palo Alto', 'CA', '94303', 'USA', '901 San Antonio Road', 'MS UCUP02-206', 'Palo Alto', 'CA', '94303', 'USA', 'UPS', '0.00', 'ABC', 'XYX', 'ABC', 'XYX', '999 9999 9999 9999', '12/03', 'Visa', 'CA'), ('100031', 'j2ee', '2015-05-19', '901 San Antonio Road', 'MS UCUP02-206', 'Palo Alto', 'CA', '94303', 'USA', '901 San Antonio Road', 'MS UCUP02-206', 'Palo Alto', 'CA', '94303', 'USA', 'UPS', '0.00', 'ABC', 'XYX', 'ABC', 'XYX', '999 9999 9999 9999', '12/03', 'Visa', 'CA'), ('100032', 'j2ee', '2015-05-19', '901 San Antonio Road', 'MS UCUP02-206', 'Palo Alto', 'CA', '94303', 'USA', '901 San Antonio Road', 'MS UCUP02-206', 'Palo Alto', 'CA', '94303', 'USA', 'UPS', '0.00', 'ABC', 'XYX', 'ABC', 'XYX', '999 9999 9999 9999', '12/03', 'Visa', 'CA'), ('100033', 'j2ee', '2015-05-19', '901 San Antonio Road', 'MS UCUP02-206', 'Palo Alto', 'CA', '94303', 'USA', '901 San Antonio Road', 'MS UCUP02-206', 'Palo Alto', 'CA', '94303', 'USA', 'UPS', '0.00', 'ABC', 'XYX', 'ABC', 'XYX', '999 9999 9999 9999', '12/03', 'Visa', 'CA'), ('100034', 'j2ee', '2015-05-19', '901 San Antonio Road', 'MS UCUP02-206', 'Palo Alto', 'CA', '94303', 'USA', '901 San Antonio Road', 'MS UCUP02-206', 'Palo Alto', 'CA', '94303', 'USA', 'UPS', '0.00', 'ABC', 'XYX', 'ABC', 'XYX', '999 9999 9999 9999', '12/03', 'Visa', 'CA'), ('100035', 'j2ee', '2015-05-19', '901 San Antonio Road', 'MS UCUP02-206', 'Palo Alto', 'CA', '94303', 'USA', '901 San Antonio Road', 'MS UCUP02-206', 'Palo Alto', 'CA', '94303', 'USA', 'UPS', '0.00', 'ABC', 'XYX', 'ABC', 'XYX', '999 9999 9999 9999', '12/03', 'Visa', 'CA'), ('100036', 'j2ee', '2015-05-19', '901 San Antonio Road', 'MS UCUP02-206', 'Palo Alto', 'CA', '94303', 'USA', '901 San Antonio Road', 'MS UCUP02-206', 'Palo Alto', 'CA', '94303', 'USA', 'UPS', '0.00', 'ABC', 'XYX', 'ABC', 'XYX', '999 9999 9999 9999', '12/03', 'Visa', 'CA'), ('100037', 'j2ee', '2015-05-19', '901 San Antonio Road', 'MS UCUP02-206', 'Palo Alto', 'CA', '94303', 'USA', '901 San Antonio Road', 'MS UCUP02-206', 'Palo Alto', 'CA', '94303', 'USA', 'UPS', '0.00', 'ABC', 'XYX', 'ABC', 'XYX', '999 9999 9999 9999', '12/03', 'Visa', 'CA'), ('100038', 'j2ee', '2015-05-19', '901 San Antonio Road', 'MS UCUP02-206', 'Palo Alto', 'CA', '94303', 'USA', '901 San Antonio Road', 'MS UCUP02-206', 'Palo Alto', 'CA', '94303', 'USA', 'UPS', '0.00', 'ABC', 'XYX', 'ABC', 'XYX', '999 9999 9999 9999', '12/03', 'Visa', 'CA'), ('100039', 'j2ee', '2015-05-19', '901 San Antonio Road', 'MS UCUP02-206', 'Palo Alto', 'CA', '94303', 'USA', '901 San Antonio Road', 'MS UCUP02-206', 'Palo Alto', 'CA', '94303', 'USA', 'UPS', '0.00', 'ABC', 'XYX', 'ABC', 'XYX', '999 9999 9999 9999', '12/03', 'Visa', 'CA'), ('100040', 'j2ee', '2015-05-19', '901 San Antonio Road', 'MS UCUP02-206', 'Palo Alto', 'CA', '94303', 'USA', '901 San Antonio Road', 'MS UCUP02-206', 'Palo Alto', 'CA', '94303', 'USA', 'UPS', '0.00', 'ABC', 'XYX', 'ABC', 'XYX', '999 9999 9999 9999', '12/03', 'Visa', 'CA'), ('100041', 'j2ee', '2015-05-19', '901 San Antonio Road', 'MS UCUP02-206', 'Palo Alto', 'CA', '94303', 'USA', '901 San Antonio Road', 'MS UCUP02-206', 'Palo Alto', 'CA', '94303', 'USA', 'UPS', '0.00', 'ABC', 'XYX', 'ABC', 'XYX', '999 9999 9999 9999', '12/03', 'Visa', 'CA'), ('100042', 'j2ee', '2015-05-19', '901 San Antonio Road', 'MS UCUP02-206', 'Palo Alto', 'CA', '94303', 'USA', '901 San Antonio Road', 'MS UCUP02-206', 'Palo Alto', 'CA', '94303', 'USA', 'UPS', '0.00', 'ABC', 'XYX', 'ABC', 'XYX', '999 9999 9999 9999', '12/03', 'Visa', 'CA'), ('100043', 'j2ee', '2015-05-19', '901 San Antonio Road', 'MS UCUP02-206', 'Palo Alto', 'CA', '94303', 'USA', '901 San Antonio Road', 'MS UCUP02-206', 'Palo Alto', 'CA', '94303', 'USA', 'UPS', '0.00', 'ABC', 'XYX', 'ABC', 'XYX', '999 9999 9999 9999', '12/03', 'Visa', 'CA'), ('100044', 'j2ee', '2015-05-19', '901 San Antonio Road', 'MS UCUP02-206', 'Palo Alto', 'CA', '94303', 'USA', '901 San Antonio Road', 'MS UCUP02-206', 'Palo Alto', 'CA', '94303', 'USA', 'UPS', '0.00', 'ABC', 'XYX', 'ABC', 'XYX', '999 9999 9999 9999', '12/03', 'Visa', 'CA'), ('100045', 'j2ee', '2015-05-19', '901 San Antonio Road', 'MS UCUP02-206', 'Palo Alto', 'CA', '94303', 'USA', '901 San Antonio Road', 'MS UCUP02-206', 'Palo Alto', 'CA', '94303', 'USA', 'UPS', '0.00', 'ABC', 'XYX', 'ABC', 'XYX', '999 9999 9999 9999', '12/03', 'Visa', 'CA'), ('100046', 'j2ee', '2015-05-19', '901 San Antonio Road', 'MS UCUP02-206', 'Palo Alto', 'CA', '94303', 'USA', '901 San Antonio Road', 'MS UCUP02-206', 'Palo Alto', 'CA', '94303', 'USA', 'UPS', '0.00', 'ABC', 'XYX', 'ABC', 'XYX', '999 9999 9999 9999', '12/03', 'Visa', 'CA'), ('100047', 'j2ee', '2015-05-19', '901 San Antonio Road', 'MS UCUP02-206', 'Palo Alto', 'CA', '94303', 'USA', '901 San Antonio Road', 'MS UCUP02-206', 'Palo Alto', 'CA', '94303', 'USA', 'UPS', '0.00', 'ABC', 'XYX', 'ABC', 'XYX', '999 9999 9999 9999', '12/03', 'Visa', 'CA'), ('100048', 'j2ee', '2015-05-19', '901 San Antonio Road', 'MS UCUP02-206', 'Palo Alto', 'CA', '94303', 'USA', '901 San Antonio Road', 'MS UCUP02-206', 'Palo Alto', 'CA', '94303', 'USA', 'UPS', '0.00', 'ABC', 'XYX', 'ABC', 'XYX', '999 9999 9999 9999', '12/03', 'Visa', 'CA'), ('100049', 'j2ee', '2015-05-19', '901 San Antonio Road', 'MS UCUP02-206', 'Palo Alto', 'CA', '94303', 'USA', '901 San Antonio Road', 'MS UCUP02-206', 'Palo Alto', 'CA', '94303', 'USA', 'UPS', '0.00', 'ABC', 'XYX', 'ABC', 'XYX', '999 9999 9999 9999', '12/03', 'Visa', 'CA'), ('100050', 'j2ee', '2015-05-19', '901 San Antonio Road', 'MS UCUP02-206', 'Palo Alto', 'CA', '94303', 'USA', '901 San Antonio Road', 'MS UCUP02-206', 'Palo Alto', 'CA', '94303', 'USA', 'UPS', '0.00', 'ABC', 'XYX', 'ABC', 'XYX', '999 9999 9999 9999', '12/03', 'Visa', 'CA'), ('100051', 'j2ee', '2015-05-19', '901 San Antonio Road', 'MS UCUP02-206', 'Palo Alto', 'CA', '94303', 'USA', '901 San Antonio Road', 'MS UCUP02-206', 'Palo Alto', 'CA', '94303', 'USA', 'UPS', '0.00', 'ABC', 'XYX', 'ABC', 'XYX', '999 9999 9999 9999', '12/03', 'Visa', 'CA'), ('100052', 'j2ee', '2015-05-19', '901 San Antonio Road', 'MS UCUP02-206', 'Palo Alto', 'CA', '94303', 'USA', '901 San Antonio Road', 'MS UCUP02-206', 'Palo Alto', 'CA', '94303', 'USA', 'UPS', '0.00', 'ABC', 'XYX', 'ABC', 'XYX', '999 9999 9999 9999', '12/03', 'Visa', 'CA'), ('100053', 'j2ee', '2015-05-19', '901 San Antonio Road', 'MS UCUP02-206', 'Palo Alto', 'CA', '94303', 'USA', '901 San Antonio Road', 'MS UCUP02-206', 'Palo Alto', 'CA', '94303', 'USA', 'UPS', '0.00', 'ABC', 'XYX', 'ABC', 'XYX', '999 9999 9999 9999', '12/03', 'Visa', 'CA'), ('100054', 'j2ee', '2015-05-19', '901 San Antonio Road', 'MS UCUP02-206', 'Palo Alto', 'CA', '94303', 'USA', '901 San Antonio Road', 'MS UCUP02-206', 'Palo Alto', 'CA', '94303', 'USA', 'UPS', '0.00', 'ABC', 'XYX', 'ABC', 'XYX', '999 9999 9999 9999', '12/03', 'Visa', 'CA'), ('100055', 'j2ee', '2015-05-19', '901 San Antonio Road', 'MS UCUP02-206', 'Palo Alto', 'CA', '94303', 'USA', '901 San Antonio Road', 'MS UCUP02-206', 'Palo Alto', 'CA', '94303', 'USA', 'UPS', '0.00', 'ABC', 'XYX', 'ABC', 'XYX', '999 9999 9999 9999', '12/03', 'Visa', 'CA'), ('100056', 'j2ee', '2015-05-19', '901 San Antonio Road', 'MS UCUP02-206', 'Palo Alto', 'CA', '94303', 'USA', '901 San Antonio Road', 'MS UCUP02-206', 'Palo Alto', 'CA', '94303', 'USA', 'UPS', '0.00', 'ABC', 'XYX', 'ABC', 'XYX', '999 9999 9999 9999', '12/03', 'Visa', 'CA'), ('100057', 'j2ee', '2015-05-19', '901 San Antonio Road', 'MS UCUP02-206', 'Palo Alto', 'CA', '94303', 'USA', '901 San Antonio Road', 'MS UCUP02-206', 'Palo Alto', 'CA', '94303', 'USA', 'UPS', '0.00', 'ABC', 'XYX', 'ABC', 'XYX', '999 9999 9999 9999', '12/03', 'Visa', 'CA'), ('100058', 'j2ee', '2015-05-19', '901 San Antonio Road', 'MS UCUP02-206', 'Palo Alto', 'CA', '94303', 'USA', '901 San Antonio Road', 'MS UCUP02-206', 'Palo Alto', 'CA', '94303', 'USA', 'UPS', '0.00', 'ABC', 'XYX', 'ABC', 'XYX', '999 9999 9999 9999', '12/03', 'Visa', 'CA'), ('100059', 'j2ee', '2015-05-19', '901 San Antonio Road', 'MS UCUP02-206', 'Palo Alto', 'CA', '94303', 'USA', '901 San Antonio Road', 'MS UCUP02-206', 'Palo Alto', 'CA', '94303', 'USA', 'UPS', '0.00', 'ABC', 'XYX', 'ABC', 'XYX', '999 9999 9999 9999', '12/03', 'Visa', 'CA'), ('100060', 'j2ee', '2015-05-19', '901 San Antonio Road', 'MS UCUP02-206', 'Palo Alto', 'CA', '94303', 'USA', '901 San Antonio Road', 'MS UCUP02-206', 'Palo Alto', 'CA', '94303', 'USA', 'UPS', '0.00', 'ABC', 'XYX', 'ABC', 'XYX', '999 9999 9999 9999', '12/03', 'Visa', 'CA'), ('100061', 'j2ee', '2015-05-19', '901 San Antonio Road', 'MS UCUP02-206', 'Palo Alto', 'CA', '94303', 'USA', '901 San Antonio Road', 'MS UCUP02-206', 'Palo Alto', 'CA', '94303', 'USA', 'UPS', '0.00', 'ABC', 'XYX', 'ABC', 'XYX', '999 9999 9999 9999', '12/03', 'Visa', 'CA'), ('100062', 'j2ee', '2015-05-19', '901 San Antonio Road', 'MS UCUP02-206', 'Palo Alto', 'CA', '94303', 'USA', '901 San Antonio Road', 'MS UCUP02-206', 'Palo Alto', 'CA', '94303', 'USA', 'UPS', '0.00', 'ABC', 'XYX', 'ABC', 'XYX', '999 9999 9999 9999', '12/03', 'Visa', 'CA'), ('100063', 'j2ee', '2015-05-19', '901 San Antonio Road', 'MS UCUP02-206', 'Palo Alto', 'CA', '94303', 'USA', '901 San Antonio Road', 'MS UCUP02-206', 'Palo Alto', 'CA', '94303', 'USA', 'UPS', '0.00', 'ABC', 'XYX', 'ABC', 'XYX', '999 9999 9999 9999', '12/03', 'Visa', 'CA'), ('100064', 'j2ee', '2015-05-19', '901 San Antonio Road', 'MS UCUP02-206', 'Palo Alto', 'CA', '94303', 'USA', '901 San Antonio Road', 'MS UCUP02-206', 'Palo Alto', 'CA', '94303', 'USA', 'UPS', '0.00', 'ABC', 'XYX', 'ABC', 'XYX', '999 9999 9999 9999', '12/03', 'Visa', 'CA'), ('100065', 'j2ee', '2015-05-19', '901 San Antonio Road', 'MS UCUP02-206', 'Palo Alto', 'CA', '94303', 'USA', '901 San Antonio Road', 'MS UCUP02-206', 'Palo Alto', 'CA', '94303', 'USA', 'UPS', '0.00', 'ABC', 'XYX', 'ABC', 'XYX', '999 9999 9999 9999', '12/03', 'Visa', 'CA'), ('100066', 'j2ee', '2015-05-19', '901 San Antonio Road', 'MS UCUP02-206', 'Palo Alto', 'CA', '94303', 'USA', '901 San Antonio Road', 'MS UCUP02-206', 'Palo Alto', 'CA', '94303', 'USA', 'UPS', '0.00', 'ABC', 'XYX', 'ABC', 'XYX', '999 9999 9999 9999', '12/03', 'Visa', 'CA'), ('100067', 'j2ee', '2015-05-19', '901 San Antonio Road', 'MS UCUP02-206', 'Palo Alto', 'CA', '94303', 'USA', '901 San Antonio Road', 'MS UCUP02-206', 'Palo Alto', 'CA', '94303', 'USA', 'UPS', '0.00', 'ABC', 'XYX', 'ABC', 'XYX', '999 9999 9999 9999', '12/03', 'Visa', 'CA'), ('100068', 'j2ee', '2015-05-19', '901 San Antonio Road', 'MS UCUP02-206', 'Palo Alto', 'CA', '94303', 'USA', '901 San Antonio Road', 'MS UCUP02-206', 'Palo Alto', 'CA', '94303', 'USA', 'UPS', '0.00', 'ABC', 'XYX', 'ABC', 'XYX', '999 9999 9999 9999', '12/03', 'Visa', 'CA'), ('100069', 'j2ee', '2015-05-19', '901 San Antonio Road', 'MS UCUP02-206', 'Palo Alto', 'CA', '94303', 'USA', '901 San Antonio Road', 'MS UCUP02-206', 'Palo Alto', 'CA', '94303', 'USA', 'UPS', '0.00', 'ABC', 'XYX', 'ABC', 'XYX', '999 9999 9999 9999', '12/03', 'Visa', 'CA'), ('100070', 'j2ee', '2015-05-19', '901 San Antonio Road', 'MS UCUP02-206', 'Palo Alto', 'CA', '94303', 'USA', '901 San Antonio Road', 'MS UCUP02-206', 'Palo Alto', 'CA', '94303', 'USA', 'UPS', '0.00', 'ABC', 'XYX', 'ABC', 'XYX', '999 9999 9999 9999', '12/03', 'Visa', 'CA'), ('100071', 'j2ee', '2015-05-19', '901 San Antonio Road', 'MS UCUP02-206', 'Palo Alto', 'CA', '94303', 'USA', '901 San Antonio Road', 'MS UCUP02-206', 'Palo Alto', 'CA', '94303', 'USA', 'UPS', '0.00', 'ABC', 'XYX', 'ABC', 'XYX', '999 9999 9999 9999', '12/03', 'Visa', 'CA'), ('100072', 'j2ee', '2015-05-19', '901 San Antonio Road', 'MS UCUP02-206', 'Palo Alto', 'CA', '94303', 'USA', '901 San Antonio Road', 'MS UCUP02-206', 'Palo Alto', 'CA', '94303', 'USA', 'UPS', '0.00', 'ABC', 'XYX', 'ABC', 'XYX', '999 9999 9999 9999', '12/03', 'Visa', 'CA'), ('100073', 'j2ee', '2015-05-19', '901 San Antonio Road', 'MS UCUP02-206', 'Palo Alto', 'CA', '94303', 'USA', '901 San Antonio Road', 'MS UCUP02-206', 'Palo Alto', 'CA', '94303', 'USA', 'UPS', '0.00', 'ABC', 'XYX', 'ABC', 'XYX', '999 9999 9999 9999', '12/03', 'Visa', 'CA'), ('100074', 'j2ee', '2015-05-19', '901 San Antonio Road', 'MS UCUP02-206', 'Palo Alto', 'CA', '94303', 'USA', '901 San Antonio Road', 'MS UCUP02-206', 'Palo Alto', 'CA', '94303', 'USA', 'UPS', '0.00', 'ABC', 'XYX', 'ABC', 'XYX', '999 9999 9999 9999', '12/03', 'Visa', 'CA'), ('100075', 'j2ee', '2015-05-19', '901 San Antonio Road', 'MS UCUP02-206', 'Palo Alto', 'CA', '94303', 'USA', '901 San Antonio Road', 'MS UCUP02-206', 'Palo Alto', 'CA', '94303', 'USA', 'UPS', '0.00', 'ABC', 'XYX', 'ABC', 'XYX', '999 9999 9999 9999', '12/03', 'Visa', 'CA'), ('100076', 'j2ee', '2015-05-19', '901 San Antonio Road', 'MS UCUP02-206', 'Palo Alto', 'CA', '94303', 'USA', '901 San Antonio Road', 'MS UCUP02-206', 'Palo Alto', 'CA', '94303', 'USA', 'UPS', '0.00', 'ABC', 'XYX', 'ABC', 'XYX', '999 9999 9999 9999', '12/03', 'Visa', 'CA'), ('100077', 'j2ee', '2015-05-19', '901 San Antonio Road', 'MS UCUP02-206', 'Palo Alto', 'CA', '94303', 'USA', '901 San Antonio Road', 'MS UCUP02-206', 'Palo Alto', 'CA', '94303', 'USA', 'UPS', '0.00', 'ABC', 'XYX', 'ABC', 'XYX', '999 9999 9999 9999', '12/03', 'Visa', 'CA'), ('100078', 'j2ee', '2015-05-19', '901 San Antonio Road', 'MS UCUP02-206', 'Palo Alto', 'CA', '94303', 'USA', '901 San Antonio Road', 'MS UCUP02-206', 'Palo Alto', 'CA', '94303', 'USA', 'UPS', '0.00', 'ABC', 'XYX', 'ABC', 'XYX', '999 9999 9999 9999', '12/03', 'Visa', 'CA'), ('100079', 'j2ee', '2015-05-19', '901 San Antonio Road', 'MS UCUP02-206', 'Palo Alto', 'CA', '94303', 'USA', '901 San Antonio Road', 'MS UCUP02-206', 'Palo Alto', 'CA', '94303', 'USA', 'UPS', '0.00', 'ABC', 'XYX', 'ABC', 'XYX', '999 9999 9999 9999', '12/03', 'Visa', 'CA'), ('100080', 'j2ee', '2015-05-19', '901 San Antonio Road', 'MS UCUP02-206', 'Palo Alto', 'CA', '94303', 'USA', '901 San Antonio Road', 'MS UCUP02-206', 'Palo Alto', 'CA', '94303', 'USA', 'UPS', '0.00', 'ABC', 'XYX', 'ABC', 'XYX', '999 9999 9999 9999', '12/03', 'Visa', 'CA'), ('100081', 'j2ee', '2015-05-19', '901 San Antonio Road', 'MS UCUP02-206', 'Palo Alto', 'CA', '94303', 'USA', '901 San Antonio Road', 'MS UCUP02-206', 'Palo Alto', 'CA', '94303', 'USA', 'UPS', '0.00', 'ABC', 'XYX', 'ABC', 'XYX', '999 9999 9999 9999', '12/03', 'Visa', 'CA'), ('100082', 'j2ee', '2015-05-19', '901 San Antonio Road', 'MS UCUP02-206', 'Palo Alto', 'CA', '94303', 'USA', '901 San Antonio Road', 'MS UCUP02-206', 'Palo Alto', 'CA', '94303', 'USA', 'UPS', '0.00', 'ABC', 'XYX', 'ABC', 'XYX', '999 9999 9999 9999', '12/03', 'Visa', 'CA'), ('100083', 'j2ee', '2015-05-19', '901 San Antonio Road', 'MS UCUP02-206', 'Palo Alto', 'CA', '94303', 'USA', '901 San Antonio Road', 'MS UCUP02-206', 'Palo Alto', 'CA', '94303', 'USA', 'UPS', '0.00', 'ABC', 'XYX', 'ABC', 'XYX', '999 9999 9999 9999', '12/03', 'Visa', 'CA'), ('100084', 'j2ee', '2015-05-19', '901 San Antonio Road', 'MS UCUP02-206', 'Palo Alto', 'CA', '94303', 'USA', '901 San Antonio Road', 'MS UCUP02-206', 'Palo Alto', 'CA', '94303', 'USA', 'UPS', '0.00', 'ABC', 'XYX', 'ABC', 'XYX', '999 9999 9999 9999', '12/03', 'Visa', 'CA'), ('100085', 'j2ee', '2015-05-19', '901 San Antonio Road', 'MS UCUP02-206', 'Palo Alto', 'CA', '94303', 'USA', '901 San Antonio Road', 'MS UCUP02-206', 'Palo Alto', 'CA', '94303', 'USA', 'UPS', '0.00', 'ABC', 'XYX', 'ABC', 'XYX', '999 9999 9999 9999', '12/03', 'Visa', 'CA'), ('100086', 'j2ee', '2015-05-19', '901 San Antonio Road', 'MS UCUP02-206', 'Palo Alto', 'CA', '94303', 'USA', '901 San Antonio Road', 'MS UCUP02-206', 'Palo Alto', 'CA', '94303', 'USA', 'UPS', '0.00', 'ABC', 'XYX', 'ABC', 'XYX', '999 9999 9999 9999', '12/03', 'Visa', 'CA'), ('100087', 'j2ee', '2015-05-19', '901 San Antonio Road', 'MS UCUP02-206', 'Palo Alto', 'CA', '94303', 'USA', '901 San Antonio Road', 'MS UCUP02-206', 'Palo Alto', 'CA', '94303', 'USA', 'UPS', '0.00', 'ABC', 'XYX', 'ABC', 'XYX', '999 9999 9999 9999', '12/03', 'Visa', 'CA'), ('100088', 'j2ee', '2015-05-19', '901 San Antonio Road', 'MS UCUP02-206', 'Palo Alto', 'CA', '94303', 'USA', '901 San Antonio Road', 'MS UCUP02-206', 'Palo Alto', 'CA', '94303', 'USA', 'UPS', '0.00', 'ABC', 'XYX', 'ABC', 'XYX', '999 9999 9999 9999', '12/03', 'Visa', 'CA'), ('100089', 'j2ee', '2015-05-19', '901 San Antonio Road', 'MS UCUP02-206', 'Palo Alto', 'CA', '94303', 'USA', '901 San Antonio Road', 'MS UCUP02-206', 'Palo Alto', 'CA', '94303', 'USA', 'UPS', '0.00', 'ABC', 'XYX', 'ABC', 'XYX', '999 9999 9999 9999', '12/03', 'Visa', 'CA'), ('100090', 'j2ee', '2015-05-19', '901 San Antonio Road', 'MS UCUP02-206', 'Palo Alto', 'CA', '94303', 'USA', '901 San Antonio Road', 'MS UCUP02-206', 'Palo Alto', 'CA', '94303', 'USA', 'UPS', '0.00', 'ABC', 'XYX', 'ABC', 'XYX', '999 9999 9999 9999', '12/03', 'Visa', 'CA'), ('100091', 'j2ee', '2015-05-19', '901 San Antonio Road', 'MS UCUP02-206', 'Palo Alto', 'CA', '94303', 'USA', '901 San Antonio Road', 'MS UCUP02-206', 'Palo Alto', 'CA', '94303', 'USA', 'UPS', '0.00', 'ABC', 'XYX', 'ABC', 'XYX', '999 9999 9999 9999', '12/03', 'Visa', 'CA'), ('100092', 'j2ee', '2015-05-19', '901 San Antonio Road', 'MS UCUP02-206', 'Palo Alto', 'CA', '94303', 'USA', '901 San Antonio Road', 'MS UCUP02-206', 'Palo Alto', 'CA', '94303', 'USA', 'UPS', '0.00', 'ABC', 'XYX', 'ABC', 'XYX', '999 9999 9999 9999', '12/03', 'Visa', 'CA'), ('100093', 'j2ee', '2015-05-19', '901 San Antonio Road', 'MS UCUP02-206', 'Palo Alto', 'CA', '94303', 'USA', '901 San Antonio Road', 'MS UCUP02-206', 'Palo Alto', 'CA', '94303', 'USA', 'UPS', '0.00', 'ABC', 'XYX', 'ABC', 'XYX', '999 9999 9999 9999', '12/03', 'Visa', 'CA'), ('100094', 'j2ee', '2015-05-19', '901 San Antonio Road', 'MS UCUP02-206', 'Palo Alto', 'CA', '94303', 'USA', '901 San Antonio Road', 'MS UCUP02-206', 'Palo Alto', 'CA', '94303', 'USA', 'UPS', '0.00', 'ABC', 'XYX', 'ABC', 'XYX', '999 9999 9999 9999', '12/03', 'Visa', 'CA'), ('100095', 'j2ee', '2015-05-19', '901 San Antonio Road', 'MS UCUP02-206', 'Palo Alto', 'CA', '94303', 'USA', '901 San Antonio Road', 'MS UCUP02-206', 'Palo Alto', 'CA', '94303', 'USA', 'UPS', '0.00', 'ABC', 'XYX', 'ABC', 'XYX', '999 9999 9999 9999', '12/03', 'Visa', 'CA'), ('100096', 'j2ee', '2015-05-19', '901 San Antonio Road', 'MS UCUP02-206', 'Palo Alto', 'CA', '94303', 'USA', '901 San Antonio Road', 'MS UCUP02-206', 'Palo Alto', 'CA', '94303', 'USA', 'UPS', '0.00', 'ABC', 'XYX', 'ABC', 'XYX', '999 9999 9999 9999', '12/03', 'Visa', 'CA'), ('100097', 'j2ee', '2015-05-19', '901 San Antonio Road', 'MS UCUP02-206', 'Palo Alto', 'CA', '94303', 'USA', '901 San Antonio Road', 'MS UCUP02-206', 'Palo Alto', 'CA', '94303', 'USA', 'UPS', '0.00', 'ABC', 'XYX', 'ABC', 'XYX', '999 9999 9999 9999', '12/03', 'Visa', 'CA'), ('100098', 'j2ee', '2015-05-19', '901 San Antonio Road', 'MS UCUP02-206', 'Palo Alto', 'CA', '94303', 'USA', '901 San Antonio Road', 'MS UCUP02-206', 'Palo Alto', 'CA', '94303', 'USA', 'UPS', '0.00', 'ABC', 'XYX', 'ABC', 'XYX', '999 9999 9999 9999', '12/03', 'Visa', 'CA'), ('100099', 'j2ee', '2015-05-19', '901 San Antonio Road', 'MS UCUP02-206', 'Palo Alto', 'CA', '94303', 'USA', '901 San Antonio Road', 'MS UCUP02-206', 'Palo Alto', 'CA', '94303', 'USA', 'UPS', '0.00', 'ABC', 'XYX', 'ABC', 'XYX', '999 9999 9999 9999', '12/03', 'Visa', 'CA');
COMMIT;

-- ----------------------------
--  Table structure for `orderstatus`
-- ----------------------------
DROP TABLE IF EXISTS `orderstatus`;
CREATE TABLE `orderstatus` (
  `orderid` int(11) NOT NULL,
  `linenum` int(11) NOT NULL,
  `timestamp` date NOT NULL,
  `status` varchar(2) NOT NULL,
  PRIMARY KEY (`orderid`,`linenum`)
) ENGINE=InnoDB DEFAULT CHARSET=latin1;

-- ----------------------------
--  Records of `orderstatus`
-- ----------------------------
BEGIN;
INSERT INTO `orderstatus` VALUES ('100000', '100000', '2015-05-19', 'P'), ('100001', '100001', '2015-05-19', 'P'), ('100002', '100002', '2015-05-19', 'P'), ('100003', '100003', '2015-05-19', 'P'), ('100004', '100004', '2015-05-19', 'P'), ('100005', '100005', '2015-05-19', 'P'), ('100006', '100006', '2015-05-19', 'P'), ('100007', '100007', '2015-05-19', 'P'), ('100008', '100008', '2015-05-19', 'P'), ('100009', '100009', '2015-05-19', 'P'), ('100010', '100010', '2015-05-19', 'P'), ('100011', '100011', '2015-05-19', 'P'), ('100012', '100012', '2015-05-19', 'P'), ('100013', '100013', '2015-05-19', 'P'), ('100014', '100014', '2015-05-19', 'P'), ('100015', '100015', '2015-05-19', 'P'), ('100016', '100016', '2015-05-19', 'P'), ('100017', '100017', '2015-05-19', 'P'), ('100018', '100018', '2015-05-19', 'P'), ('100019', '100019', '2015-05-19', 'P'), ('100020', '100020', '2015-05-19', 'P'), ('100021', '100021', '2015-05-19', 'P'), ('100022', '100022', '2015-05-19', 'P'), ('100023', '100023', '2015-05-19', 'P'), ('100024', '100024', '2015-05-19', 'P'), ('100025', '100025', '2015-05-19', 'P'), ('100026', '100026', '2015-05-19', 'P'), ('100027', '100027', '2015-05-19', 'P'), ('100028', '100028', '2015-05-19', 'P'), ('100029', '100029', '2015-05-19', 'P'), ('100030', '100030', '2015-05-19', 'P'), ('100031', '100031', '2015-05-19', 'P'), ('100032', '100032', '2015-05-19', 'P'), ('100033', '100033', '2015-05-19', 'P'), ('100034', '100034', '2015-05-19', 'P'), ('100035', '100035', '2015-05-19', 'P'), ('100036', '100036', '2015-05-19', 'P'), ('100037', '100037', '2015-05-19', 'P'), ('100038', '100038', '2015-05-19', 'P'), ('100039', '100039', '2015-05-19', 'P'), ('100040', '100040', '2015-05-19', 'P'), ('100041', '100041', '2015-05-19', 'P'), ('100042', '100042', '2015-05-19', 'P'), ('100043', '100043', '2015-05-19', 'P'), ('100044', '100044', '2015-05-19', 'P'), ('100045', '100045', '2015-05-19', 'P'), ('100046', '100046', '2015-05-19', 'P'), ('100047', '100047', '2015-05-19', 'P'), ('100048', '100048', '2015-05-19', 'P'), ('100049', '100049', '2015-05-19', 'P'), ('100050', '100050', '2015-05-19', 'P'), ('100051', '100051', '2015-05-19', 'P'), ('100052', '100052', '2015-05-19', 'P'), ('100053', '100053', '2015-05-19', 'P'), ('100054', '100054', '2015-05-19', 'P'), ('100055', '100055', '2015-05-19', 'P'), ('100056', '100056', '2015-05-19', 'P'), ('100057', '100057', '2015-05-19', 'P'), ('100058', '100058', '2015-05-19', 'P'), ('100059', '100059', '2015-05-19', 'P'), ('100060', '100060', '2015-05-19', 'P'), ('100061', '100061', '2015-05-19', 'P'), ('100062', '100062', '2015-05-19', 'P'), ('100063', '100063', '2015-05-19', 'P'), ('100064', '100064', '2015-05-19', 'P'), ('100065', '100065', '2015-05-19', 'P'), ('100066', '100066', '2015-05-19', 'P'), ('100067', '100067', '2015-05-19', 'P'), ('100068', '100068', '2015-05-19', 'P'), ('100069', '100069', '2015-05-19', 'P'), ('100070', '100070', '2015-05-19', 'P'), ('100071', '100071', '2015-05-19', 'P'), ('100072', '100072', '2015-05-19', 'P'), ('100073', '100073', '2015-05-19', 'P'), ('100074', '100074', '2015-05-19', 'P'), ('100075', '100075', '2015-05-19', 'P'), ('100076', '100076', '2015-05-19', 'P'), ('100077', '100077', '2015-05-19', 'P'), ('100078', '100078', '2015-05-19', 'P'), ('100079', '100079', '2015-05-19', 'P'), ('100080', '100080', '2015-05-19', 'P'), ('100081', '100081', '2015-05-19', 'P'), ('100082', '100082', '2015-05-19', 'P'), ('100083', '100083', '2015-05-19', 'P'), ('100084', '100084', '2015-05-19', 'P'), ('100085', '100085', '2015-05-19', 'P'), ('100086', '100086', '2015-05-19', 'P'), ('100087', '100087', '2015-05-19', 'P'), ('100088', '100088', '2015-05-19', 'P'), ('100089', '100089', '2015-05-19', 'P'), ('100090', '100090', '2015-05-19', 'P'), ('100091', '100091', '2015-05-19', 'P'), ('100092', '100092', '2015-05-19', 'P'), ('100093', '100093', '2015-05-19', 'P'), ('100094', '100094', '2015-05-19', 'P'), ('100095', '100095', '2015-05-19', 'P'), ('100096', '100096', '2015-05-19', 'P'), ('100097', '100097', '2015-05-19', 'P'), ('100098', '100098', '2015-05-19', 'P'), ('100099', '100099', '2015-05-19', 'P');
COMMIT;

-- ----------------------------
--  Table structure for `product`
-- ----------------------------
DROP TABLE IF EXISTS `product`;
CREATE TABLE `product` (
  `productid` varchar(10) NOT NULL,
  `category` varchar(10) NOT NULL,
  `name` varchar(80) DEFAULT NULL,
  `descn` varchar(255) DEFAULT NULL,
  PRIMARY KEY (`productid`),
  KEY `productCat` (`category`),
  KEY `productName` (`name`),
  CONSTRAINT `fk_product_1` FOREIGN KEY (`category`) REFERENCES `category` (`catid`)
) ENGINE=InnoDB DEFAULT CHARSET=latin1;

-- ----------------------------
--  Records of `product`
-- ----------------------------
BEGIN;
INSERT INTO `product` VALUES ('AV-CB-01', 'BIRDS', 'Amazon Parrot', '<image src=\"../images/bird4.gif\">Great companion for up to 75 years'), ('AV-SB-02', 'BIRDS', 'Finch', '<image src=\"../images/bird1.gif\">Great stress reliever'), ('FI-FW-01', 'FISH', 'Koi', '<image src=\"../images/fish3.gif\">Fresh Water fish from Japan'), ('FI-FW-02', 'FISH', 'Goldfish', '<image src=\"../images/fish2.gif\">Fresh Water fish from China'), ('FI-SW-01', 'FISH', 'Angelfish', '<image src=\"../images/fish1.jpg\">Salt Water fish from Australia'), ('FI-SW-02', 'FISH', 'Tiger Shark', '<image src=\"../images/fish4.gif\">Salt Water fish from Australia'), ('FL-DLH-02', 'CATS', 'Persian', '<image src=\"../images/cat1.gif\">Friendly house cat, doubles as a princess'), ('FL-DSH-01', 'CATS', 'Manx', '<image src=\"../images/cat3.gif\">Great for reducing mouse populations'), ('K9-BD-01', 'DOGS', 'Bulldog', '<image src=\"../images/dog2.gif\">Friendly dog from England'), ('K9-CW-01', 'DOGS', 'Chihuahua', '<image src=\"../images/dog4.gif\">Great companion dog'), ('K9-DL-01', 'DOGS', 'Dalmation', '<image src=\"../images/dog5.gif\">Great dog for a Fire Station'), ('K9-PO-02', 'DOGS', 'Poodle', '<image src=\"../images/dog6.gif\">Cute dog from France'), ('K9-RT-01', 'DOGS', 'Golden Retriever', '<image src=\"../images/dog1.gif\">Great family dog'), ('K9-RT-02', 'DOGS', 'Labrador Retriever', '<image src=\"../images/dog5.gif\">Great hunting dog'), ('PP-BC-01', 'PETPRODUCT', 'Birds product - cage', null), ('PP-BF-01', 'PETPRODUCT', 'Birds Product - food', null), ('PP-CF-01', 'PETPRODUCT', 'Cats product - food', null), ('PP-CL-01', 'PETPRODUCT', 'Cats product - litter', null), ('PP-DC-01', 'PETPRODUCT', 'Dogs product - collar', null), ('PP-DF-01', 'PETPRODUCT', 'Dogs product - food', null), ('PP-FB-01', 'PETPRODUCT', 'Fish product - bowl', null), ('PP-FF-01', 'PETPRODUCT', 'Fish Product - food', null), ('PP-RF-01', 'PETPRODUCT', 'Reptiles product - food', null), ('PP-RT-01', 'PETPRODUCT', 'Reptiles product - tree hole', null), ('RP-LI-02', 'REPTILES', 'Iguana', '<image src=\"../images/lizard2.gif\">Friendly green friend'), ('RP-SN-01', 'REPTILES', 'Rattlesnake', '<image src=\"../images/lizard3.gif\">Doubles as a watch dog');
COMMIT;

-- ----------------------------
--  Table structure for `profile`
-- ----------------------------
DROP TABLE IF EXISTS `profile`;
CREATE TABLE `profile` (
  `userid` varchar(80) NOT NULL,
  `langpref` varchar(80) NOT NULL,
  `favcategory` varchar(30) DEFAULT NULL,
  `mylistopt` tinyint(1) DEFAULT NULL,
  `banneropt` tinyint(1) DEFAULT NULL,
  PRIMARY KEY (`userid`)
) ENGINE=InnoDB DEFAULT CHARSET=latin1;

-- ----------------------------
--  Records of `profile`
-- ----------------------------
BEGIN;
INSERT INTO `profile` VALUES ('ACID', 'english', 'CATS', '1', '1'), ('j2ee', 'english', 'DOGS', '1', '1');
COMMIT;

-- ----------------------------
--  Table structure for `relationship`
-- ----------------------------
DROP TABLE IF EXISTS `relationship`;
CREATE TABLE `relationship` (
  `relation` varchar(1000) NOT NULL
) ENGINE=InnoDB DEFAULT CHARSET=latin1;

-- ----------------------------
--  Records of `relationship`
-- ----------------------------
BEGIN;
INSERT INTO `relationship` VALUES ('EST-18,EST-30,'), ('EST-18,EST-32,'), ('EST-20,EST-44,'), ('EST-01,EST-02,'), ('EST-30,EST-32,'), ('EST-30,EST-44,'), ('EST-34,EST-35,'), ('EST-18,EST-30,EST-32,');
COMMIT;

-- ----------------------------
--  Table structure for `sequence`
-- ----------------------------
DROP TABLE IF EXISTS `sequence`;
CREATE TABLE `sequence` (
  `name` varchar(30) NOT NULL,
  `nextid` int(11) NOT NULL,
  PRIMARY KEY (`name`)
) ENGINE=InnoDB DEFAULT CHARSET=latin1;

-- ----------------------------
--  Records of `sequence`
-- ----------------------------
BEGIN;
INSERT INTO `sequence` VALUES ('linenum', '9892'), ('ordernum', '3');
COMMIT;

-- ----------------------------
--  Table structure for `signon`
-- ----------------------------
DROP TABLE IF EXISTS `signon`;
CREATE TABLE `signon` (
  `username` varchar(25) NOT NULL,
  `password` varchar(25) NOT NULL,
  PRIMARY KEY (`username`)
) ENGINE=InnoDB DEFAULT CHARSET=latin1;

-- ----------------------------
--  Records of `signon`
-- ----------------------------
BEGIN;
INSERT INTO `signon` VALUES ('ACID', 'ACID'), ('j2ee', 'j2ee');
COMMIT;

-- ----------------------------
--  Table structure for `supplier`
-- ----------------------------
DROP TABLE IF EXISTS `supplier`;
CREATE TABLE `supplier` (
  `suppid` int(11) NOT NULL,
  `name` varchar(80) DEFAULT NULL,
  `status` varchar(2) NOT NULL,
  `addr1` varchar(80) DEFAULT NULL,
  `addr2` varchar(80) DEFAULT NULL,
  `city` varchar(80) DEFAULT NULL,
  `state` varchar(80) DEFAULT NULL,
  `zip` varchar(5) DEFAULT NULL,
  `phone` varchar(80) DEFAULT NULL,
  PRIMARY KEY (`suppid`)
) ENGINE=InnoDB DEFAULT CHARSET=latin1;

-- ----------------------------
--  Records of `supplier`
-- ----------------------------
BEGIN;
INSERT INTO `supplier` VALUES ('1', 'XYZ Pets', 'AC', '600 Avon Way', '', 'Los Angeles', 'CA', '94024', '212-947-0797'), ('2', 'ABC Pets', 'AC', '700 Abalone Way', '', 'San Francisco ', 'CA', '94024', '415-947-0797');
COMMIT;

SET FOREIGN_KEY_CHECKS = 1;
